year,partner_country,trade_value_usd,reporter,flow,hs_code,commodity
2014,World,9680795326.0,Thailand,Import,8542,Electronic integrated circuits
2014,"Other Asia, nes",2207750958.0,Thailand,Import,8542,Electronic integrated circuits
2014,Japan,1745247924.0,Thailand,Import,8542,Electronic integrated circuits
2014,USA,1314583260.0,Thailand,Import,8542,Electronic integrated circuits
2014,China,816074122.0,Thailand,Import,8542,Electronic integrated circuits
2014,Singapore,763802854.0,Thailand,Import,8542,Electronic integrated circuits
2014,Rep. of Korea,662296959.0,Thailand,Import,8542,Electronic integrated circuits
2014,Malaysia,639332421.0,Thailand,Import,8542,Electronic integrated circuits
2014,Philippines,449906025.0,Thailand,Import,8542,Electronic integrated circuits
2014,Thailand,264567720.0,Thailand,Import,8542,Electronic integrated circuits
2014,Germany,195495175.0,Thailand,Import,8542,Electronic integrated circuits
2014,United Kingdom,153259092.0,Thailand,Import,8542,Electronic integrated circuits
2014,Netherlands,133958330.0,Thailand,Import,8542,Electronic integrated circuits
2014,Canada,67479559.0,Thailand,Import,8542,Electronic integrated circuits
2014,Costa Rica,43650479.0,Thailand,Import,8542,Electronic integrated circuits
2014,"China, Hong Kong SAR",42095054.0,Thailand,Import,8542,Electronic integrated circuits
2014,Israel,26230044.0,Thailand,Import,8542,Electronic integrated circuits
2014,Malta,23579044.0,Thailand,Import,8542,Electronic integrated circuits
2014,France,22245747.0,Thailand,Import,8542,Electronic integrated circuits
2014,Switzerland,21222243.0,Thailand,Import,8542,Electronic integrated circuits
2014,Austria,14132941.0,Thailand,Import,8542,Electronic integrated circuits
2014,Belgium,11353006.0,Thailand,Import,8542,Electronic integrated circuits
2014,Sweden,10707762.0,Thailand,Import,8542,Electronic integrated circuits
2014,Indonesia,8415431.0,Thailand,Import,8542,Electronic integrated circuits
2014,Mexico,8414524.0,Thailand,Import,8542,Electronic integrated circuits
2014,Australia,6379363.0,Thailand,Import,8542,Electronic integrated circuits
2014,Denmark,6100489.0,Thailand,Import,8542,Electronic integrated circuits
2014,Viet Nam,5686000.0,Thailand,Import,8542,Electronic integrated circuits
2014,Italy,3336709.0,Thailand,Import,8542,Electronic integrated circuits
2014,Morocco,3142436.0,Thailand,Import,8542,Electronic integrated circuits
2014,Ireland,2851805.0,Thailand,Import,8542,Electronic integrated circuits
2014,India,2819596.0,Thailand,Import,8542,Electronic integrated circuits
2014,Czechia,1635106.0,Thailand,Import,8542,Electronic integrated circuits
2014,Brazil,607447.0,Thailand,Import,8542,Electronic integrated circuits
2014,Poland,446897.0,Thailand,Import,8542,Electronic integrated circuits
2014,South Africa,351014.0,Thailand,Import,8542,Electronic integrated circuits
2014,Hungary,323985.0,Thailand,Import,8542,Electronic integrated circuits
2014,Spain,171793.0,Thailand,Import,8542,Electronic integrated circuits
2014,Kenya,136714.0,Thailand,Import,8542,Electronic integrated circuits
2014,Bulgaria,132883.0,Thailand,Import,8542,Electronic integrated circuits
2014,Ukraine,95835.0,Thailand,Import,8542,Electronic integrated circuits
2014,Andorra,60938.0,Thailand,Import,8542,Electronic integrated circuits
2014,Norway,58856.0,Thailand,Import,8542,Electronic integrated circuits
2014,New Zealand,56054.0,Thailand,Import,8542,Electronic integrated circuits
2014,Venezuela,54075.0,Thailand,Import,8542,Electronic integrated circuits
2014,Finland,46325.0,Thailand,Import,8542,Electronic integrated circuits
2014,Slovakia,40244.0,Thailand,Import,8542,Electronic integrated circuits
2014,Greece,38109.0,Thailand,Import,8542,Electronic integrated circuits
2014,Mali,37589.0,Thailand,Import,8542,Electronic integrated circuits
2014,Portugal,37045.0,Thailand,Import,8542,Electronic integrated circuits
2014,Jamaica,30587.0,Thailand,Import,8542,Electronic integrated circuits
2014,Egypt,28245.0,Thailand,Import,8542,Electronic integrated circuits
2014,Saint Helena,24347.0,Thailand,Import,8542,Electronic integrated circuits
2014,Cocos Isds,23214.0,Thailand,Import,8542,Electronic integrated circuits
2014,Central African Rep.,19705.0,Thailand,Import,8542,Electronic integrated circuits
2014,Dem. People's Rep. of Korea,18368.0,Thailand,Import,8542,Electronic integrated circuits
2014,Slovenia,18282.0,Thailand,Import,8542,Electronic integrated circuits
2014,Türkiye,17388.0,Thailand,Import,8542,Electronic integrated circuits
2014,San Marino,16989.0,Thailand,Import,8542,Electronic integrated circuits
2014,Saint Kitts and Nevis,14101.0,Thailand,Import,8542,Electronic integrated circuits
2014,Eswatini,14041.0,Thailand,Import,8542,Electronic integrated circuits
2014,Georgia,11443.0,Thailand,Import,8542,Electronic integrated circuits
2014,Mauritania,10481.0,Thailand,Import,8542,Electronic integrated circuits
2014,"China, Macao SAR",10281.0,Thailand,Import,8542,Electronic integrated circuits
2014,"Areas, nes",9504.0,Thailand,Import,8542,Electronic integrated circuits
2014,Sao Tome and Principe,8855.0,Thailand,Import,8542,Electronic integrated circuits
2014,Cayman Isds,8347.0,Thailand,Import,8542,Electronic integrated circuits
2014,Curaçao,7018.0,Thailand,Import,8542,Electronic integrated circuits
2014,Holy See (Vatican City State),5485.0,Thailand,Import,8542,Electronic integrated circuits
2014,Congo,4870.0,Thailand,Import,8542,Electronic integrated circuits
2014,Saudi Arabia,4221.0,Thailand,Import,8542,Electronic integrated circuits
2014,Brunei Darussalam,3980.0,Thailand,Import,8542,Electronic integrated circuits
2014,United Arab Emirates,3915.0,Thailand,Import,8542,Electronic integrated circuits
2014,Lithuania,3582.0,Thailand,Import,8542,Electronic integrated circuits
2014,North Macedonia,3097.0,Thailand,Import,8542,Electronic integrated circuits
2014,Namibia,3085.0,Thailand,Import,8542,Electronic integrated circuits
2014,Cambodia,3063.0,Thailand,Import,8542,Electronic integrated circuits
2014,Romania,3020.0,Thailand,Import,8542,Electronic integrated circuits
2014,Iran,2817.0,Thailand,Import,8542,Electronic integrated circuits
2014,Colombia,2407.0,Thailand,Import,8542,Electronic integrated circuits
2014,Rep. of Moldova,2050.0,Thailand,Import,8542,Electronic integrated circuits
2014,Niger,1114.0,Thailand,Import,8542,Electronic integrated circuits
2014,Luxembourg,1085.0,Thailand,Import,8542,Electronic integrated circuits
2014,Uganda,877.0,Thailand,Import,8542,Electronic integrated circuits
2014,French Polynesia,840.0,Thailand,Import,8542,Electronic integrated circuits
2014,Papua New Guinea,823.0,Thailand,Import,8542,Electronic integrated circuits
2014,Gabon,724.0,Thailand,Import,8542,Electronic integrated circuits
2014,Panama,674.0,Thailand,Import,8542,Electronic integrated circuits
2014,Honduras,591.0,Thailand,Import,8542,Electronic integrated circuits
2014,Russian Federation,467.0,Thailand,Import,8542,Electronic integrated circuits
2014,Sierra Leone,453.0,Thailand,Import,8542,Electronic integrated circuits
2014,Timor-Leste,420.0,Thailand,Import,8542,Electronic integrated circuits
2014,Croatia,400.0,Thailand,Import,8542,Electronic integrated circuits
2014,Zimbabwe,387.0,Thailand,Import,8542,Electronic integrated circuits
2014,Faroe Isds,356.0,Thailand,Import,8542,Electronic integrated circuits
2014,Mongolia,232.0,Thailand,Import,8542,Electronic integrated circuits
2014,El Salvador,203.0,Thailand,Import,8542,Electronic integrated circuits
2014,Madagascar,192.0,Thailand,Import,8542,Electronic integrated circuits
2014,Iceland,185.0,Thailand,Import,8542,Electronic integrated circuits
2014,Togo,152.0,Thailand,Import,8542,Electronic integrated circuits
2014,Pakistan,71.0,Thailand,Import,8542,Electronic integrated circuits
2014,Montserrat,55.0,Thailand,Import,8542,Electronic integrated circuits
2014,Sri Lanka,39.0,Thailand,Import,8542,Electronic integrated circuits
2014,Kuwait,29.0,Thailand,Import,8542,Electronic integrated circuits
2014,Bangladesh,26.0,Thailand,Import,8542,Electronic integrated circuits
2014,Myanmar,26.0,Thailand,Import,8542,Electronic integrated circuits
2014,Ecuador,25.0,Thailand,Import,8542,Electronic integrated circuits
2014,Peru,24.0,Thailand,Import,8542,Electronic integrated circuits
2014,Guatemala,21.0,Thailand,Import,8542,Electronic integrated circuits
2014,Yemen,21.0,Thailand,Import,8542,Electronic integrated circuits
2014,Mozambique,19.0,Thailand,Import,8542,Electronic integrated circuits
2014,Belize,10.0,Thailand,Import,8542,Electronic integrated circuits
2014,Ethiopia,10.0,Thailand,Import,8542,Electronic integrated circuits
2014,Montenegro,8.0,Thailand,Import,8542,Electronic integrated circuits
2014,United Rep. of Tanzania,1.0,Thailand,Import,8542,Electronic integrated circuits
2015,World,9389778348.49,Thailand,Import,8542,Electronic integrated circuits
2015,"Other Asia, nes",2465589564.13,Thailand,Import,8542,Electronic integrated circuits
2015,Japan,1375237342.12,Thailand,Import,8542,Electronic integrated circuits
2015,USA,1296994230.73,Thailand,Import,8542,Electronic integrated circuits
2015,China,887077163.75,Thailand,Import,8542,Electronic integrated circuits
2015,Singapore,702711857.8,Thailand,Import,8542,Electronic integrated circuits
2015,Rep. of Korea,623233614.23,Thailand,Import,8542,Electronic integrated circuits
2015,Malaysia,514979538.44,Thailand,Import,8542,Electronic integrated circuits
2015,Philippines,407423004.92,Thailand,Import,8542,Electronic integrated circuits
2015,Thailand,360653581.09,Thailand,Import,8542,Electronic integrated circuits
2015,Germany,175225680.01,Thailand,Import,8542,Electronic integrated circuits
2015,United Kingdom,152635976.05,Thailand,Import,8542,Electronic integrated circuits
2015,Netherlands,140548097.77,Thailand,Import,8542,Electronic integrated circuits
2015,Canada,65687717.14,Thailand,Import,8542,Electronic integrated circuits
2015,Viet Nam,36850985.78,Thailand,Import,8542,Electronic integrated circuits
2015,France,30864276.97,Thailand,Import,8542,Electronic integrated circuits
2015,"China, Hong Kong SAR",22850298.17,Thailand,Import,8542,Electronic integrated circuits
2015,Switzerland,18841189.66,Thailand,Import,8542,Electronic integrated circuits
2015,Malta,17339365.46,Thailand,Import,8542,Electronic integrated circuits
2015,Belgium,15922583.37,Thailand,Import,8542,Electronic integrated circuits
2015,Israel,10128474.55,Thailand,Import,8542,Electronic integrated circuits
2015,Austria,8657343.69,Thailand,Import,8542,Electronic integrated circuits
2015,Brazil,8613317.9,Thailand,Import,8542,Electronic integrated circuits
2015,Australia,7176803.81,Thailand,Import,8542,Electronic integrated circuits
2015,Mexico,7100792.32,Thailand,Import,8542,Electronic integrated circuits
2015,Indonesia,6628796.17,Thailand,Import,8542,Electronic integrated circuits
2015,Sweden,6021329.81,Thailand,Import,8542,Electronic integrated circuits
2015,Costa Rica,5066593.88,Thailand,Import,8542,Electronic integrated circuits
2015,Italy,3913713.34,Thailand,Import,8542,Electronic integrated circuits
2015,Ireland,3640964.76,Thailand,Import,8542,Electronic integrated circuits
2015,Morocco,2498574.86,Thailand,Import,8542,Electronic integrated circuits
2015,Denmark,2482535.93,Thailand,Import,8542,Electronic integrated circuits
2015,Czechia,1794015.1,Thailand,Import,8542,Electronic integrated circuits
2015,Hungary,1428827.94,Thailand,Import,8542,Electronic integrated circuits
2015,India,1173729.15,Thailand,Import,8542,Electronic integrated circuits
2015,Spain,738236.49,Thailand,Import,8542,Electronic integrated circuits
2015,Portugal,521552.52,Thailand,Import,8542,Electronic integrated circuits
2015,Dem. People's Rep. of Korea,216089.01,Thailand,Import,8542,Electronic integrated circuits
2015,Romania,182266.68,Thailand,Import,8542,Electronic integrated circuits
2015,United Arab Emirates,176466.33,Thailand,Import,8542,Electronic integrated circuits
2015,Gabon,137308.27,Thailand,Import,8542,Electronic integrated circuits
2015,Turks and Caicos Isds,128247.15,Thailand,Import,8542,Electronic integrated circuits
2015,Iran,118637.48,Thailand,Import,8542,Electronic integrated circuits
2015,Finland,71232.68,Thailand,Import,8542,Electronic integrated circuits
2015,Slovakia,46600.04,Thailand,Import,8542,Electronic integrated circuits
2015,New Zealand,37226.95,Thailand,Import,8542,Electronic integrated circuits
2015,State of Palestine,36929.67,Thailand,Import,8542,Electronic integrated circuits
2015,Bulgaria,36777.09,Thailand,Import,8542,Electronic integrated circuits
2015,Cameroon,34167.24,Thailand,Import,8542,Electronic integrated circuits
2015,Mauritania,33491.77,Thailand,Import,8542,Electronic integrated circuits
2015,"China, Macao SAR",27464.45,Thailand,Import,8542,Electronic integrated circuits
2015,Ukraine,26131.41,Thailand,Import,8542,Electronic integrated circuits
2015,South Africa,25587.9,Thailand,Import,8542,Electronic integrated circuits
2015,Papua New Guinea,24961.41,Thailand,Import,8542,Electronic integrated circuits
2015,Jordan,24546.3,Thailand,Import,8542,Electronic integrated circuits
2015,Poland,22717.54,Thailand,Import,8542,Electronic integrated circuits
2015,Liberia,15609.41,Thailand,Import,8542,Electronic integrated circuits
2015,Mali,14867.92,Thailand,Import,8542,Electronic integrated circuits
2015,"Areas, nes",14283.58,Thailand,Import,8542,Electronic integrated circuits
2015,Norway,12157.25,Thailand,Import,8542,Electronic integrated circuits
2015,Slovenia,8973.92,Thailand,Import,8542,Electronic integrated circuits
2015,Chad,6855.75,Thailand,Import,8542,Electronic integrated circuits
2015,Andorra,6077.7,Thailand,Import,8542,Electronic integrated circuits
2015,Lao People's Dem. Rep.,4915.28,Thailand,Import,8542,Electronic integrated circuits
2015,Cambodia,4756.53,Thailand,Import,8542,Electronic integrated circuits
2015,Türkiye,4600.54,Thailand,Import,8542,Electronic integrated circuits
2015,Marshall Isds,4268.31,Thailand,Import,8542,Electronic integrated circuits
2015,Namibia,3252.36,Thailand,Import,8542,Electronic integrated circuits
2015,Brunei Darussalam,2490.09,Thailand,Import,8542,Electronic integrated circuits
2015,Haiti,2323.79,Thailand,Import,8542,Electronic integrated circuits
2015,Panama,2106.01,Thailand,Import,8542,Electronic integrated circuits
2015,Curaçao,1963.27,Thailand,Import,8542,Electronic integrated circuits
2015,Malawi,1700.81,Thailand,Import,8542,Electronic integrated circuits
2015,Uganda,1469.25,Thailand,Import,8542,Electronic integrated circuits
2015,Br. Virgin Isds,1034.48,Thailand,Import,8542,Electronic integrated circuits
2015,El Salvador,781.72,Thailand,Import,8542,Electronic integrated circuits
2015,Pakistan,659.71,Thailand,Import,8542,Electronic integrated circuits
2015,Peru,576.81,Thailand,Import,8542,Electronic integrated circuits
2015,United States Minor Outlying Islands,521.61,Thailand,Import,8542,Electronic integrated circuits
2015,Tokelau,520.02,Thailand,Import,8542,Electronic integrated circuits
2015,Eswatini,382.16,Thailand,Import,8542,Electronic integrated circuits
2015,Tuvalu,375.63,Thailand,Import,8542,Electronic integrated circuits
2015,Sao Tome and Principe,350.92,Thailand,Import,8542,Electronic integrated circuits
2015,Colombia,327.38,Thailand,Import,8542,Electronic integrated circuits
2015,Croatia,296.79,Thailand,Import,8542,Electronic integrated circuits
2015,Suriname,266.03,Thailand,Import,8542,Electronic integrated circuits
2015,Bahamas,254.81,Thailand,Import,8542,Electronic integrated circuits
2015,Mongolia,185.58,Thailand,Import,8542,Electronic integrated circuits
2015,Saudi Arabia,121.61,Thailand,Import,8542,Electronic integrated circuits
2015,Argentina,101.74,Thailand,Import,8542,Electronic integrated circuits
2015,Afghanistan,98.06,Thailand,Import,8542,Electronic integrated circuits
2015,Montserrat,95.54,Thailand,Import,8542,Electronic integrated circuits
2015,Myanmar,80.25,Thailand,Import,8542,Electronic integrated circuits
2015,Ecuador,69.25,Thailand,Import,8542,Electronic integrated circuits
2015,Tunisia,54.05,Thailand,Import,8542,Electronic integrated circuits
2015,Belarus,3.39,Thailand,Import,8542,Electronic integrated circuits
2016,World,9428383351.96,Thailand,Import,8542,Electronic integrated circuits
2016,"Other Asia, nes",2280655915.33,Thailand,Import,8542,Electronic integrated circuits
2016,USA,1428074796.17,Thailand,Import,8542,Electronic integrated circuits
2016,Japan,1398864397.0,Thailand,Import,8542,Electronic integrated circuits
2016,China,859236433.83,Thailand,Import,8542,Electronic integrated circuits
2016,Singapore,800162961.26,Thailand,Import,8542,Electronic integrated circuits
2016,Malaysia,608250552.66,Thailand,Import,8542,Electronic integrated circuits
2016,Rep. of Korea,551163565.53,Thailand,Import,8542,Electronic integrated circuits
2016,Philippines,481413254.09,Thailand,Import,8542,Electronic integrated circuits
2016,Thailand,310490863.9,Thailand,Import,8542,Electronic integrated circuits
2016,United Kingdom,161266667.68,Thailand,Import,8542,Electronic integrated circuits
2016,Germany,159727478.78,Thailand,Import,8542,Electronic integrated circuits
2016,Netherlands,121868885.8,Thailand,Import,8542,Electronic integrated circuits
2016,Canada,53707481.45,Thailand,Import,8542,Electronic integrated circuits
2016,Viet Nam,41672806.61,Thailand,Import,8542,Electronic integrated circuits
2016,France,31017791.71,Thailand,Import,8542,Electronic integrated circuits
2016,"China, Hong Kong SAR",19791550.4,Thailand,Import,8542,Electronic integrated circuits
2016,Israel,16583860.38,Thailand,Import,8542,Electronic integrated circuits
2016,Switzerland,15054996.72,Thailand,Import,8542,Electronic integrated circuits
2016,Belgium,13908579.3,Thailand,Import,8542,Electronic integrated circuits
2016,Italy,13423850.08,Thailand,Import,8542,Electronic integrated circuits
2016,Malta,11148026.16,Thailand,Import,8542,Electronic integrated circuits
2016,Austria,8419147.48,Thailand,Import,8542,Electronic integrated circuits
2016,Indonesia,8009142.77,Thailand,Import,8542,Electronic integrated circuits
2016,Mexico,6951221.35,Thailand,Import,8542,Electronic integrated circuits
2016,Costa Rica,4503522.99,Thailand,Import,8542,Electronic integrated circuits
2016,Australia,4209843.1,Thailand,Import,8542,Electronic integrated circuits
2016,Denmark,3204968.8,Thailand,Import,8542,Electronic integrated circuits
2016,Sweden,3176584.02,Thailand,Import,8542,Electronic integrated circuits
2016,Morocco,2527656.65,Thailand,Import,8542,Electronic integrated circuits
2016,Czechia,1986069.83,Thailand,Import,8542,Electronic integrated circuits
2016,Hungary,1685451.49,Thailand,Import,8542,Electronic integrated circuits
2016,Ireland,1235043.63,Thailand,Import,8542,Electronic integrated circuits
2016,Portugal,1195019.44,Thailand,Import,8542,Electronic integrated circuits
2016,India,1039052.78,Thailand,Import,8542,Electronic integrated circuits
2016,Spain,608345.56,Thailand,Import,8542,Electronic integrated circuits
2016,Romania,397089.41,Thailand,Import,8542,Electronic integrated circuits
2016,Bulgaria,376213.57,Thailand,Import,8542,Electronic integrated circuits
2016,New Zealand,223841.08,Thailand,Import,8542,Electronic integrated circuits
2016,"China, Macao SAR",185586.44,Thailand,Import,8542,Electronic integrated circuits
2016,Lao People's Dem. Rep.,183572.21,Thailand,Import,8542,Electronic integrated circuits
2016,Slovakia,126174.71,Thailand,Import,8542,Electronic integrated circuits
2016,Brazil,106986.23,Thailand,Import,8542,Electronic integrated circuits
2016,Turkmenistan,75022.91,Thailand,Import,8542,Electronic integrated circuits
2016,Finland,74930.39,Thailand,Import,8542,Electronic integrated circuits
2016,Poland,56469.99,Thailand,Import,8542,Electronic integrated circuits
2016,Georgia,45612.43,Thailand,Import,8542,Electronic integrated circuits
2016,Norway,34005.49,Thailand,Import,8542,Electronic integrated circuits
2016,Serbia,30054.88,Thailand,Import,8542,Electronic integrated circuits
2016,Myanmar,25972.29,Thailand,Import,8542,Electronic integrated circuits
2016,Pakistan,21345.41,Thailand,Import,8542,Electronic integrated circuits
2016,Tunisia,18588.37,Thailand,Import,8542,Electronic integrated circuits
2016,Ukraine,13904.6,Thailand,Import,8542,Electronic integrated circuits
2016,Kenya,13721.23,Thailand,Import,8542,Electronic integrated circuits
2016,Sri Lanka,13285.09,Thailand,Import,8542,Electronic integrated circuits
2016,Chad,12097.18,Thailand,Import,8542,Electronic integrated circuits
2016,Slovenia,10402.17,Thailand,Import,8542,Electronic integrated circuits
2016,Turks and Caicos Isds,9303.75,Thailand,Import,8542,Electronic integrated circuits
2016,Cambodia,8852.86,Thailand,Import,8542,Electronic integrated circuits
2016,Mauritius,8270.61,Thailand,Import,8542,Electronic integrated circuits
2016,Cameroon,7886.69,Thailand,Import,8542,Electronic integrated circuits
2016,Andorra,6625.98,Thailand,Import,8542,Electronic integrated circuits
2016,Türkiye,6057.69,Thailand,Import,8542,Electronic integrated circuits
2016,Honduras,6048.04,Thailand,Import,8542,Electronic integrated circuits
2016,"Areas, nes",5812.46,Thailand,Import,8542,Electronic integrated circuits
2016,Saint Helena,5350.62,Thailand,Import,8542,Electronic integrated circuits
2016,South Africa,5300.98,Thailand,Import,8542,Electronic integrated circuits
2016,Russian Federation,4389.58,Thailand,Import,8542,Electronic integrated circuits
2016,Mongolia,3731.16,Thailand,Import,8542,Electronic integrated circuits
2016,Mali,2653.16,Thailand,Import,8542,Electronic integrated circuits
2016,Iran,2468.37,Thailand,Import,8542,Electronic integrated circuits
2016,Panama,2427.07,Thailand,Import,8542,Electronic integrated circuits
2016,Brunei Darussalam,2157.02,Thailand,Import,8542,Electronic integrated circuits
2016,Sao Tome and Principe,1747.72,Thailand,Import,8542,Electronic integrated circuits
2016,Sudan,1613.47,Thailand,Import,8542,Electronic integrated circuits
2016,Mauritania,1337.55,Thailand,Import,8542,Electronic integrated circuits
2016,Iceland,1051.94,Thailand,Import,8542,Electronic integrated circuits
2016,Iraq,1014.58,Thailand,Import,8542,Electronic integrated circuits
2016,United Arab Emirates,982.98,Thailand,Import,8542,Electronic integrated circuits
2016,Latvia,933.04,Thailand,Import,8542,Electronic integrated circuits
2016,Papua New Guinea,910.67,Thailand,Import,8542,Electronic integrated circuits
2016,Belarus,870.72,Thailand,Import,8542,Electronic integrated circuits
2016,Tokelau,697.0,Thailand,Import,8542,Electronic integrated circuits
2016,El Salvador,678.23,Thailand,Import,8542,Electronic integrated circuits
2016,Estonia,652.34,Thailand,Import,8542,Electronic integrated circuits
2016,Seychelles,507.63,Thailand,Import,8542,Electronic integrated circuits
2016,Cabo Verde,490.5,Thailand,Import,8542,Electronic integrated circuits
2016,Lithuania,422.74,Thailand,Import,8542,Electronic integrated circuits
2016,Croatia,287.85,Thailand,Import,8542,Electronic integrated circuits
2016,Br. Indian Ocean Terr.,181.85,Thailand,Import,8542,Electronic integrated circuits
2016,Timor-Leste,176.21,Thailand,Import,8542,Electronic integrated circuits
2016,Kyrgyzstan,129.05,Thailand,Import,8542,Electronic integrated circuits
2016,Tajikistan,102.29,Thailand,Import,8542,Electronic integrated circuits
2016,Armenia,93.87,Thailand,Import,8542,Electronic integrated circuits
2016,Côte d'Ivoire,75.83,Thailand,Import,8542,Electronic integrated circuits
2016,Montserrat,70.6,Thailand,Import,8542,Electronic integrated circuits
2016,Botswana,67.29,Thailand,Import,8542,Electronic integrated circuits
2016,Jordan,46.36,Thailand,Import,8542,Electronic integrated circuits
2016,Montenegro,39.01,Thailand,Import,8542,Electronic integrated circuits
2016,Malawi,34.39,Thailand,Import,8542,Electronic integrated circuits
2016,Mozambique,30.77,Thailand,Import,8542,Electronic integrated circuits
2016,United States Minor Outlying Islands,30.49,Thailand,Import,8542,Electronic integrated circuits
2016,Jamaica,19.57,Thailand,Import,8542,Electronic integrated circuits
2016,Venezuela,16.16,Thailand,Import,8542,Electronic integrated circuits
2016,Cyprus,15.17,Thailand,Import,8542,Electronic integrated circuits
2016,Gambia,15.09,Thailand,Import,8542,Electronic integrated circuits
2016,Chile,8.66,Thailand,Import,8542,Electronic integrated circuits
2016,North Macedonia,3.49,Thailand,Import,8542,Electronic integrated circuits
2017,World,11141372218.53,Thailand,Import,8542,Electronic integrated circuits
2017,"Other Asia, nes",2981502436.95,Thailand,Import,8542,Electronic integrated circuits
2017,Japan,1742223361.7,Thailand,Import,8542,Electronic integrated circuits
2017,USA,1538607780.63,Thailand,Import,8542,Electronic integrated circuits
2017,Singapore,846538733.13,Thailand,Import,8542,Electronic integrated circuits
2017,China,841607641.96,Thailand,Import,8542,Electronic integrated circuits
2017,Malaysia,772459256.39,Thailand,Import,8542,Electronic integrated circuits
2017,Rep. of Korea,762391175.92,Thailand,Import,8542,Electronic integrated circuits
2017,Philippines,490698006.84,Thailand,Import,8542,Electronic integrated circuits
2017,Thailand,329336706.68,Thailand,Import,8542,Electronic integrated circuits
2017,United Kingdom,230052979.39,Thailand,Import,8542,Electronic integrated circuits
2017,Germany,167308189.57,Thailand,Import,8542,Electronic integrated circuits
2017,Netherlands,129014713.21,Thailand,Import,8542,Electronic integrated circuits
2017,Canada,56059086.71,Thailand,Import,8542,Electronic integrated circuits
2017,Viet Nam,42135914.84,Thailand,Import,8542,Electronic integrated circuits
2017,France,40172412.55,Thailand,Import,8542,Electronic integrated circuits
2017,Italy,26046057.1,Thailand,Import,8542,Electronic integrated circuits
2017,Israel,23532720.73,Thailand,Import,8542,Electronic integrated circuits
2017,Belgium,23165388.34,Thailand,Import,8542,Electronic integrated circuits
2017,"China, Hong Kong SAR",20689385.97,Thailand,Import,8542,Electronic integrated circuits
2017,Switzerland,18664371.05,Thailand,Import,8542,Electronic integrated circuits
2017,Indonesia,10095689.89,Thailand,Import,8542,Electronic integrated circuits
2017,Mexico,8133253.71,Thailand,Import,8542,Electronic integrated circuits
2017,Malta,8084673.07,Thailand,Import,8542,Electronic integrated circuits
2017,Denmark,6260117.99,Thailand,Import,8542,Electronic integrated circuits
2017,Austria,5602342.47,Thailand,Import,8542,Electronic integrated circuits
2017,Sweden,2732012.46,Thailand,Import,8542,Electronic integrated circuits
2017,Morocco,2724850.79,Thailand,Import,8542,Electronic integrated circuits
2017,Australia,2543892.81,Thailand,Import,8542,Electronic integrated circuits
2017,Czechia,2164200.49,Thailand,Import,8542,Electronic integrated circuits
2017,Lao People's Dem. Rep.,2132290.11,Thailand,Import,8542,Electronic integrated circuits
2017,Hungary,1808670.82,Thailand,Import,8542,Electronic integrated circuits
2017,Spain,1283811.48,Thailand,Import,8542,Electronic integrated circuits
2017,Portugal,965754.04,Thailand,Import,8542,Electronic integrated circuits
2017,Ireland,731064.85,Thailand,Import,8542,Electronic integrated circuits
2017,Poland,516265.05,Thailand,Import,8542,Electronic integrated circuits
2017,Brazil,419022.4,Thailand,Import,8542,Electronic integrated circuits
2017,Kenya,410761.72,Thailand,Import,8542,Electronic integrated circuits
2017,India,406628.06,Thailand,Import,8542,Electronic integrated circuits
2017,Costa Rica,386358.99,Thailand,Import,8542,Electronic integrated circuits
2017,Ukraine,337121.1,Thailand,Import,8542,Electronic integrated circuits
2017,New Zealand,284553.52,Thailand,Import,8542,Electronic integrated circuits
2017,Finland,269068.47,Thailand,Import,8542,Electronic integrated circuits
2017,Norway,227530.11,Thailand,Import,8542,Electronic integrated circuits
2017,Bulgaria,117429.36,Thailand,Import,8542,Electronic integrated circuits
2017,Br. Virgin Isds,73909.15,Thailand,Import,8542,Electronic integrated circuits
2017,Somalia,65418.63,Thailand,Import,8542,Electronic integrated circuits
2017,Romania,47212.41,Thailand,Import,8542,Electronic integrated circuits
2017,El Salvador,36836.2,Thailand,Import,8542,Electronic integrated circuits
2017,Slovakia,35650.84,Thailand,Import,8542,Electronic integrated circuits
2017,American Samoa,35170.85,Thailand,Import,8542,Electronic integrated circuits
2017,Andorra,25342.26,Thailand,Import,8542,Electronic integrated circuits
2017,South Africa,23176.76,Thailand,Import,8542,Electronic integrated circuits
2017,Wallis and Futuna Isds,20531.38,Thailand,Import,8542,Electronic integrated circuits
2017,Iceland,19015.64,Thailand,Import,8542,Electronic integrated circuits
2017,Eswatini,18716.29,Thailand,Import,8542,Electronic integrated circuits
2017,Mali,12795.66,Thailand,Import,8542,Electronic integrated circuits
2017,Rwanda,10447.93,Thailand,Import,8542,Electronic integrated circuits
2017,Cambodia,9957.89,Thailand,Import,8542,Electronic integrated circuits
2017,Cyprus,9480.05,Thailand,Import,8542,Electronic integrated circuits
2017,Curaçao,8476.0,Thailand,Import,8542,Electronic integrated circuits
2017,Pitcairn,7582.14,Thailand,Import,8542,Electronic integrated circuits
2017,Anguilla,6907.73,Thailand,Import,8542,Electronic integrated circuits
2017,Turks and Caicos Isds,6114.54,Thailand,Import,8542,Electronic integrated circuits
2017,Russian Federation,5909.66,Thailand,Import,8542,Electronic integrated circuits
2017,Papua New Guinea,5569.92,Thailand,Import,8542,Electronic integrated circuits
2017,"China, Macao SAR",5450.98,Thailand,Import,8542,Electronic integrated circuits
2017,Kyrgyzstan,5132.43,Thailand,Import,8542,Electronic integrated circuits
2017,Kuwait,4080.26,Thailand,Import,8542,Electronic integrated circuits
2017,Albania,3734.27,Thailand,Import,8542,Electronic integrated circuits
2017,Dem. People's Rep. of Korea,2755.88,Thailand,Import,8542,Electronic integrated circuits
2017,Slovenia,2445.48,Thailand,Import,8542,Electronic integrated circuits
2017,Mauritius,2249.99,Thailand,Import,8542,Electronic integrated circuits
2017,Mozambique,1547.23,Thailand,Import,8542,Electronic integrated circuits
2017,Maldives,1375.19,Thailand,Import,8542,Electronic integrated circuits
2017,Myanmar,1355.24,Thailand,Import,8542,Electronic integrated circuits
2017,Panama,1226.91,Thailand,Import,8542,Electronic integrated circuits
2017,Cameroon,1209.63,Thailand,Import,8542,Electronic integrated circuits
2017,North Macedonia,1097.91,Thailand,Import,8542,Electronic integrated circuits
2017,Türkiye,1025.02,Thailand,Import,8542,Electronic integrated circuits
2017,Br. Indian Ocean Terr.,983.49,Thailand,Import,8542,Electronic integrated circuits
2017,Senegal,981.05,Thailand,Import,8542,Electronic integrated circuits
2017,Gabon,931.46,Thailand,Import,8542,Electronic integrated circuits
2017,Oman,913.41,Thailand,Import,8542,Electronic integrated circuits
2017,Serbia,909.23,Thailand,Import,8542,Electronic integrated circuits
2017,Ecuador,750.9,Thailand,Import,8542,Electronic integrated circuits
2017,United Arab Emirates,739.83,Thailand,Import,8542,Electronic integrated circuits
2017,Tunisia,722.42,Thailand,Import,8542,Electronic integrated circuits
2017,Brunei Darussalam,470.01,Thailand,Import,8542,Electronic integrated circuits
2017,Croatia,431.05,Thailand,Import,8542,Electronic integrated circuits
2017,Cocos Isds,289.99,Thailand,Import,8542,Electronic integrated circuits
2017,Luxembourg,270.98,Thailand,Import,8542,Electronic integrated circuits
2017,Montenegro,268.96,Thailand,Import,8542,Electronic integrated circuits
2017,Pakistan,179.32,Thailand,Import,8542,Electronic integrated circuits
2017,Niger,169.01,Thailand,Import,8542,Electronic integrated circuits
2017,Afghanistan,122.77,Thailand,Import,8542,Electronic integrated circuits
2017,Mauritania,104.3,Thailand,Import,8542,Electronic integrated circuits
2017,Barbados,69.2,Thailand,Import,8542,Electronic integrated circuits
2017,Venezuela,65.07,Thailand,Import,8542,Electronic integrated circuits
2017,Qatar,59.03,Thailand,Import,8542,Electronic integrated circuits
2017,Latvia,36.7,Thailand,Import,8542,Electronic integrated circuits
2017,Bahrain,32.07,Thailand,Import,8542,Electronic integrated circuits
2017,Lebanon,27.5,Thailand,Import,8542,Electronic integrated circuits
2017,Sri Lanka,27.21,Thailand,Import,8542,Electronic integrated circuits
2017,"Areas, nes",19.86,Thailand,Import,8542,Electronic integrated circuits
2017,Saudi Arabia,17.56,Thailand,Import,8542,Electronic integrated circuits
2017,Bangladesh,9.84,Thailand,Import,8542,Electronic integrated circuits
2017,Chile,8.9,Thailand,Import,8542,Electronic integrated circuits
2017,Bolivia (Plurinational State of),5.97,Thailand,Import,8542,Electronic integrated circuits
2017,Nigeria,5.34,Thailand,Import,8542,Electronic integrated circuits
2017,Colombia,4.33,Thailand,Import,8542,Electronic integrated circuits
2018,World,11813161474.37,Thailand,Import,8542,Electronic integrated circuits
2018,"Other Asia, nes",3395166874.86,Thailand,Import,8542,Electronic integrated circuits
2018,Japan,1643586350.76,Thailand,Import,8542,Electronic integrated circuits
2018,USA,1545736003.0,Thailand,Import,8542,Electronic integrated circuits
2018,China,998004602.11,Thailand,Import,8542,Electronic integrated circuits
2018,Malaysia,882040457.88,Thailand,Import,8542,Electronic integrated circuits
2018,Rep. of Korea,803404703.59,Thailand,Import,8542,Electronic integrated circuits
2018,Singapore,740403959.33,Thailand,Import,8542,Electronic integrated circuits
2018,Philippines,452541238.77,Thailand,Import,8542,Electronic integrated circuits
2018,Thailand,414753534.68,Thailand,Import,8542,Electronic integrated circuits
2018,United Kingdom,288721027.38,Thailand,Import,8542,Electronic integrated circuits
2018,Germany,201039062.43,Thailand,Import,8542,Electronic integrated circuits
2018,Netherlands,147391145.1,Thailand,Import,8542,Electronic integrated circuits
2018,Canada,53146822.67,Thailand,Import,8542,Electronic integrated circuits
2018,France,36367260.09,Thailand,Import,8542,Electronic integrated circuits
2018,Viet Nam,31358491.62,Thailand,Import,8542,Electronic integrated circuits
2018,Switzerland,28034510.34,Thailand,Import,8542,Electronic integrated circuits
2018,Italy,22983566.8,Thailand,Import,8542,Electronic integrated circuits
2018,Belgium,22142432.63,Thailand,Import,8542,Electronic integrated circuits
2018,"China, Hong Kong SAR",20594871.93,Thailand,Import,8542,Electronic integrated circuits
2018,Israel,14349696.54,Thailand,Import,8542,Electronic integrated circuits
2018,Indonesia,14082031.68,Thailand,Import,8542,Electronic integrated circuits
2018,Mexico,9538308.81,Thailand,Import,8542,Electronic integrated circuits
2018,Austria,8341341.57,Thailand,Import,8542,Electronic integrated circuits
2018,Denmark,8186189.74,Thailand,Import,8542,Electronic integrated circuits
2018,Malta,5895357.44,Thailand,Import,8542,Electronic integrated circuits
2018,Sweden,4701105.05,Thailand,Import,8542,Electronic integrated circuits
2018,Morocco,3817961.52,Thailand,Import,8542,Electronic integrated circuits
2018,Australia,3118553.59,Thailand,Import,8542,Electronic integrated circuits
2018,Poland,1878213.46,Thailand,Import,8542,Electronic integrated circuits
2018,Lao People's Dem. Rep.,1847195.79,Thailand,Import,8542,Electronic integrated circuits
2018,Finland,1626204.42,Thailand,Import,8542,Electronic integrated circuits
2018,Spain,1613178.14,Thailand,Import,8542,Electronic integrated circuits
2018,Czechia,1390609.95,Thailand,Import,8542,Electronic integrated circuits
2018,Ireland,1066099.07,Thailand,Import,8542,Electronic integrated circuits
2018,Greece,955986.82,Thailand,Import,8542,Electronic integrated circuits
2018,Hungary,861686.8,Thailand,Import,8542,Electronic integrated circuits
2018,New Zealand,493715.56,Thailand,Import,8542,Electronic integrated circuits
2018,Grenada,306291.99,Thailand,Import,8542,Electronic integrated circuits
2018,Costa Rica,292458.95,Thailand,Import,8542,Electronic integrated circuits
2018,India,273089.91,Thailand,Import,8542,Electronic integrated circuits
2018,Portugal,183349.45,Thailand,Import,8542,Electronic integrated circuits
2018,Trinidad and Tobago,78550.71,Thailand,Import,8542,Electronic integrated circuits
2018,Norway,74200.79,Thailand,Import,8542,Electronic integrated circuits
2018,Bulgaria,68017.57,Thailand,Import,8542,Electronic integrated circuits
2018,Ukraine,57332.97,Thailand,Import,8542,Electronic integrated circuits
2018,"China, Macao SAR",53959.94,Thailand,Import,8542,Electronic integrated circuits
2018,Rwanda,53880.56,Thailand,Import,8542,Electronic integrated circuits
2018,Turkmenistan,47940.67,Thailand,Import,8542,Electronic integrated circuits
2018,Cayman Isds,47298.32,Thailand,Import,8542,Electronic integrated circuits
2018,Romania,39041.88,Thailand,Import,8542,Electronic integrated circuits
2018,Sri Lanka,37967.55,Thailand,Import,8542,Electronic integrated circuits
2018,Slovakia,30670.58,Thailand,Import,8542,Electronic integrated circuits
2018,Mauritius,26770.49,Thailand,Import,8542,Electronic integrated circuits
2018,Bosnia Herzegovina,26529.41,Thailand,Import,8542,Electronic integrated circuits
2018,Turks and Caicos Isds,24738.6,Thailand,Import,8542,Electronic integrated circuits
2018,Estonia,24177.73,Thailand,Import,8542,Electronic integrated circuits
2018,Albania,20887.04,Thailand,Import,8542,Electronic integrated circuits
2018,Brazil,17038.82,Thailand,Import,8542,Electronic integrated circuits
2018,Türkiye,16333.67,Thailand,Import,8542,Electronic integrated circuits
2018,Antigua and Barbuda,14222.86,Thailand,Import,8542,Electronic integrated circuits
2018,Chad,12908.31,Thailand,Import,8542,Electronic integrated circuits
2018,Solomon Isds,12491.06,Thailand,Import,8542,Electronic integrated circuits
2018,El Salvador,12325.4,Thailand,Import,8542,Electronic integrated circuits
2018,Andorra,10400.4,Thailand,Import,8542,Electronic integrated circuits
2018,Mali,9396.37,Thailand,Import,8542,Electronic integrated circuits
2018,Saudi Arabia,9178.74,Thailand,Import,8542,Electronic integrated circuits
2018,Iran,8180.74,Thailand,Import,8542,Electronic integrated circuits
2018,Eswatini,7558.37,Thailand,Import,8542,Electronic integrated circuits
2018,Pitcairn,7289.74,Thailand,Import,8542,Electronic integrated circuits
2018,Russian Federation,7209.03,Thailand,Import,8542,Electronic integrated circuits
2018,Saint Kitts and Nevis,6312.55,Thailand,Import,8542,Electronic integrated circuits
2018,Slovenia,5758.71,Thailand,Import,8542,Electronic integrated circuits
2018,Lithuania,4643.33,Thailand,Import,8542,Electronic integrated circuits
2018,Armenia,4510.11,Thailand,Import,8542,Electronic integrated circuits
2018,Cameroon,4189.55,Thailand,Import,8542,Electronic integrated circuits
2018,Mauritania,3992.55,Thailand,Import,8542,Electronic integrated circuits
2018,Guyana,3791.7,Thailand,Import,8542,Electronic integrated circuits
2018,Jordan,3337.17,Thailand,Import,8542,Electronic integrated circuits
2018,Georgia,3091.08,Thailand,Import,8542,Electronic integrated circuits
2018,Kuwait,3002.82,Thailand,Import,8542,Electronic integrated circuits
2018,Tunisia,2688.76,Thailand,Import,8542,Electronic integrated circuits
2018,South Africa,2383.63,Thailand,Import,8542,Electronic integrated circuits
2018,Timor-Leste,2374.07,Thailand,Import,8542,Electronic integrated circuits
2018,Cambodia,2220.23,Thailand,Import,8542,Electronic integrated circuits
2018,Afghanistan,1746.21,Thailand,Import,8542,Electronic integrated circuits
2018,Namibia,1607.58,Thailand,Import,8542,Electronic integrated circuits
2018,Paraguay,1575.89,Thailand,Import,8542,Electronic integrated circuits
2018,Ecuador,1450.35,Thailand,Import,8542,Electronic integrated circuits
2018,Marshall Isds,1434.55,Thailand,Import,8542,Electronic integrated circuits
2018,Maldives,1142.66,Thailand,Import,8542,Electronic integrated circuits
2018,Sao Tome and Principe,662.13,Thailand,Import,8542,Electronic integrated circuits
2018,Falkland Isds (Malvinas),617.06,Thailand,Import,8542,Electronic integrated circuits
2018,Tuvalu,614.31,Thailand,Import,8542,Electronic integrated circuits
2018,Br. Virgin Isds,613.93,Thailand,Import,8542,Electronic integrated circuits
2018,Brunei Darussalam,591.26,Thailand,Import,8542,Electronic integrated circuits
2018,Croatia,535.63,Thailand,Import,8542,Electronic integrated circuits
2018,Latvia,523.59,Thailand,Import,8542,Electronic integrated circuits
2018,South Georgia and the South Sandwich Islands,488.49,Thailand,Import,8542,Electronic integrated circuits
2018,Tokelau,446.34,Thailand,Import,8542,Electronic integrated circuits
2018,North Macedonia,368.78,Thailand,Import,8542,Electronic integrated circuits
2018,Egypt,357.63,Thailand,Import,8542,Electronic integrated circuits
2018,Colombia,322.39,Thailand,Import,8542,Electronic integrated circuits
2018,United Arab Emirates,322.36,Thailand,Import,8542,Electronic integrated circuits
2018,Myanmar,300.0,Thailand,Import,8542,Electronic integrated circuits
2018,Venezuela,241.59,Thailand,Import,8542,Electronic integrated circuits
2018,Tajikistan,228.0,Thailand,Import,8542,Electronic integrated circuits
2018,Belarus,207.81,Thailand,Import,8542,Electronic integrated circuits
2018,Serbia,173.83,Thailand,Import,8542,Electronic integrated circuits
2018,Pakistan,158.09,Thailand,Import,8542,Electronic integrated circuits
2018,Luxembourg,134.27,Thailand,Import,8542,Electronic integrated circuits
2018,Argentina,89.75,Thailand,Import,8542,Electronic integrated circuits
2018,Qatar,64.64,Thailand,Import,8542,Electronic integrated circuits
2018,Montserrat,33.55,Thailand,Import,8542,Electronic integrated circuits
2018,Chile,23.3,Thailand,Import,8542,Electronic integrated circuits
2018,Dominica,22.52,Thailand,Import,8542,Electronic integrated circuits
2018,Niger,21.43,Thailand,Import,8542,Electronic integrated circuits
2018,Bolivia (Plurinational State of),17.65,Thailand,Import,8542,Electronic integrated circuits
2019,World,11267085662.933,Thailand,Import,8542,Electronic integrated circuits
2019,"Other Asia, nes",3429520177.726,Thailand,Import,8542,Electronic integrated circuits
2019,Japan,1589629648.799,Thailand,Import,8542,Electronic integrated circuits
2019,USA,1266146714.591,Thailand,Import,8542,Electronic integrated circuits
2019,China,952808289.747,Thailand,Import,8542,Electronic integrated circuits
2019,Malaysia,932049822.689,Thailand,Import,8542,Electronic integrated circuits
2019,Rep. of Korea,747103306.928,Thailand,Import,8542,Electronic integrated circuits
2019,Singapore,508851324.236,Thailand,Import,8542,Electronic integrated circuits
2019,Thailand,508389942.921,Thailand,Import,8542,Electronic integrated circuits
2019,Philippines,395502217.518,Thailand,Import,8542,Electronic integrated circuits
2019,United Kingdom,262663509.954,Thailand,Import,8542,Electronic integrated circuits
2019,Germany,188912693.627,Thailand,Import,8542,Electronic integrated circuits
2019,Netherlands,139659300.191,Thailand,Import,8542,Electronic integrated circuits
2019,Viet Nam,44325867.458,Thailand,Import,8542,Electronic integrated circuits
2019,France,41200764.219,Thailand,Import,8542,Electronic integrated circuits
2019,Canada,40467443.652,Thailand,Import,8542,Electronic integrated circuits
2019,Italy,35234049.726,Thailand,Import,8542,Electronic integrated circuits
2019,Belgium,30220072.972,Thailand,Import,8542,Electronic integrated circuits
2019,"China, Hong Kong SAR",27131827.467,Thailand,Import,8542,Electronic integrated circuits
2019,Austria,25795140.137,Thailand,Import,8542,Electronic integrated circuits
2019,Switzerland,24178003.67,Thailand,Import,8542,Electronic integrated circuits
2019,Israel,19486443.628,Thailand,Import,8542,Electronic integrated circuits
2019,Indonesia,17859870.141,Thailand,Import,8542,Electronic integrated circuits
2019,Greece,8498847.046,Thailand,Import,8542,Electronic integrated circuits
2019,Mexico,8028164.384,Thailand,Import,8542,Electronic integrated circuits
2019,Morocco,4797932.059,Thailand,Import,8542,Electronic integrated circuits
2019,Denmark,3108596.738,Thailand,Import,8542,Electronic integrated circuits
2019,Malta,2930657.576,Thailand,Import,8542,Electronic integrated circuits
2019,Sweden,2257908.682,Thailand,Import,8542,Electronic integrated circuits
2019,Poland,1844655.373,Thailand,Import,8542,Electronic integrated circuits
2019,Finland,1600512.272,Thailand,Import,8542,Electronic integrated circuits
2019,Australia,1236484.6,Thailand,Import,8542,Electronic integrated circuits
2019,Czechia,1021021.664,Thailand,Import,8542,Electronic integrated circuits
2019,India,860510.435,Thailand,Import,8542,Electronic integrated circuits
2019,Ireland,802975.267,Thailand,Import,8542,Electronic integrated circuits
2019,Hungary,578827.663,Thailand,Import,8542,Electronic integrated circuits
2019,Lao People's Dem. Rep.,555686.863,Thailand,Import,8542,Electronic integrated circuits
2019,New Zealand,473188.383,Thailand,Import,8542,Electronic integrated circuits
2019,Costa Rica,266004.169,Thailand,Import,8542,Electronic integrated circuits
2019,Portugal,177466.559,Thailand,Import,8542,Electronic integrated circuits
2019,Spain,147718.229,Thailand,Import,8542,Electronic integrated circuits
2019,Bulgaria,119574.649,Thailand,Import,8542,Electronic integrated circuits
2019,Slovakia,110188.432,Thailand,Import,8542,Electronic integrated circuits
2019,Christmas Isds,70664.194,Thailand,Import,8542,Electronic integrated circuits
2019,Pakistan,58666.73,Thailand,Import,8542,Electronic integrated circuits
2019,Ukraine,42065.425,Thailand,Import,8542,Electronic integrated circuits
2019,Andorra,34133.311,Thailand,Import,8542,Electronic integrated circuits
2019,Cayman Isds,28095.762,Thailand,Import,8542,Electronic integrated circuits
2019,Cameroon,27778.753,Thailand,Import,8542,Electronic integrated circuits
2019,Sri Lanka,24303.911,Thailand,Import,8542,Electronic integrated circuits
2019,Romania,24055.395,Thailand,Import,8542,Electronic integrated circuits
2019,Brazil,23166.529,Thailand,Import,8542,Electronic integrated circuits
2019,Mauritius,21617.599,Thailand,Import,8542,Electronic integrated circuits
2019,Senegal,15009.406,Thailand,Import,8542,Electronic integrated circuits
2019,Norway,14063.213,Thailand,Import,8542,Electronic integrated circuits
2019,"China, Macao SAR",12828.604,Thailand,Import,8542,Electronic integrated circuits
2019,Dem. Rep. of the Congo,12134.939,Thailand,Import,8542,Electronic integrated circuits
2019,Kenya,10370.053,Thailand,Import,8542,Electronic integrated circuits
2019,Tunisia,8888.601,Thailand,Import,8542,Electronic integrated circuits
2019,"Areas, nes",8824.5,Thailand,Import,8542,Electronic integrated circuits
2019,Mali,7320.492,Thailand,Import,8542,Electronic integrated circuits
2019,Slovenia,7089.087,Thailand,Import,8542,Electronic integrated circuits
2019,Croatia,7054.236,Thailand,Import,8542,Electronic integrated circuits
2019,Burundi,6792.408,Thailand,Import,8542,Electronic integrated circuits
2019,United Rep. of Tanzania,6744.881,Thailand,Import,8542,Electronic integrated circuits
2019,Cambodia,6367.097,Thailand,Import,8542,Electronic integrated circuits
2019,Cocos Isds,6104.988,Thailand,Import,8542,Electronic integrated circuits
2019,Papua New Guinea,5028.28,Thailand,Import,8542,Electronic integrated circuits
2019,Niger,4753.309,Thailand,Import,8542,Electronic integrated circuits
2019,Pitcairn,4732.733,Thailand,Import,8542,Electronic integrated circuits
2019,Nicaragua,4543.22,Thailand,Import,8542,Electronic integrated circuits
2019,South Africa,3879.511,Thailand,Import,8542,Electronic integrated circuits
2019,Eritrea,3694.09,Thailand,Import,8542,Electronic integrated circuits
2019,Mauritania,3616.845,Thailand,Import,8542,Electronic integrated circuits
2019,Peru,2664.256,Thailand,Import,8542,Electronic integrated circuits
2019,Luxembourg,2629.667,Thailand,Import,8542,Electronic integrated circuits
2019,Türkiye,1797.123,Thailand,Import,8542,Electronic integrated circuits
2019,Panama,1585.169,Thailand,Import,8542,Electronic integrated circuits
2019,Myanmar,1360.509,Thailand,Import,8542,Electronic integrated circuits
2019,Lithuania,1233.384,Thailand,Import,8542,Electronic integrated circuits
2019,Marshall Isds,1212.405,Thailand,Import,8542,Electronic integrated circuits
2019,Estonia,830.753,Thailand,Import,8542,Electronic integrated circuits
2019,North Macedonia,826.05,Thailand,Import,8542,Electronic integrated circuits
2019,Latvia,532.438,Thailand,Import,8542,Electronic integrated circuits
2019,Afghanistan,515.963,Thailand,Import,8542,Electronic integrated circuits
2019,Serbia,398.609,Thailand,Import,8542,Electronic integrated circuits
2019,Colombia,377.705,Thailand,Import,8542,Electronic integrated circuits
2019,United Arab Emirates,352.279,Thailand,Import,8542,Electronic integrated circuits
2019,Dominican Rep.,254.728,Thailand,Import,8542,Electronic integrated circuits
2019,Venezuela,247.539,Thailand,Import,8542,Electronic integrated circuits
2019,El Salvador,243.361,Thailand,Import,8542,Electronic integrated circuits
2019,Brunei Darussalam,190.49,Thailand,Import,8542,Electronic integrated circuits
2019,Iran,145.47,Thailand,Import,8542,Electronic integrated circuits
2019,Togo,132.041,Thailand,Import,8542,Electronic integrated circuits
2019,Nauru,100.552,Thailand,Import,8542,Electronic integrated circuits
2019,Russian Federation,89.662,Thailand,Import,8542,Electronic integrated circuits
2019,Egypt,52.237,Thailand,Import,8542,Electronic integrated circuits
2019,Ethiopia,37.49,Thailand,Import,8542,Electronic integrated circuits
2019,Burkina Faso,21.414,Thailand,Import,8542,Electronic integrated circuits
2019,Kuwait,19.53,Thailand,Import,8542,Electronic integrated circuits
2019,Guam,18.871,Thailand,Import,8542,Electronic integrated circuits
2019,Ecuador,17.836,Thailand,Import,8542,Electronic integrated circuits
2019,Montserrat,12.256,Thailand,Import,8542,Electronic integrated circuits
2019,Nigeria,7.584,Thailand,Import,8542,Electronic integrated circuits
2019,Bangladesh,5.981,Thailand,Import,8542,Electronic integrated circuits
2019,Chile,4.27,Thailand,Import,8542,Electronic integrated circuits
2019,Oman,4.176,Thailand,Import,8542,Electronic integrated circuits
2020,World,12197818311.501,Thailand,Import,8542,Electronic integrated circuits
2020,"Other Asia, nes",3919508783.225,Thailand,Import,8542,Electronic integrated circuits
2020,Japan,1621778509.07,Thailand,Import,8542,Electronic integrated circuits
2020,China,1246623150.73,Thailand,Import,8542,Electronic integrated circuits
2020,USA,1147918671.046,Thailand,Import,8542,Electronic integrated circuits
2020,Rep. of Korea,898263754.375,Thailand,Import,8542,Electronic integrated circuits
2020,Malaysia,767415526.159,Thailand,Import,8542,Electronic integrated circuits
2020,Thailand,650510204.128,Thailand,Import,8542,Electronic integrated circuits
2020,Singapore,606623467.264,Thailand,Import,8542,Electronic integrated circuits
2020,Philippines,388454104.882,Thailand,Import,8542,Electronic integrated circuits
2020,United Kingdom,283058388.377,Thailand,Import,8542,Electronic integrated circuits
2020,Germany,149290899.068,Thailand,Import,8542,Electronic integrated circuits
2020,Netherlands,111213178.92,Thailand,Import,8542,Electronic integrated circuits
2020,Viet Nam,75528987.134,Thailand,Import,8542,Electronic integrated circuits
2020,France,70102759.357,Thailand,Import,8542,Electronic integrated circuits
2020,Italy,59833157.333,Thailand,Import,8542,Electronic integrated circuits
2020,Switzerland,29482802.964,Thailand,Import,8542,Electronic integrated circuits
2020,Belgium,24442812.878,Thailand,Import,8542,Electronic integrated circuits
2020,"China, Hong Kong SAR",23093262.199,Thailand,Import,8542,Electronic integrated circuits
2020,Israel,22937366.217,Thailand,Import,8542,Electronic integrated circuits
2020,Canada,21963995.628,Thailand,Import,8542,Electronic integrated circuits
2020,Austria,16777675.279,Thailand,Import,8542,Electronic integrated circuits
2020,Mexico,15064039.211,Thailand,Import,8542,Electronic integrated circuits
2020,Greece,9848404.997,Thailand,Import,8542,Electronic integrated circuits
2020,Indonesia,9052457.946,Thailand,Import,8542,Electronic integrated circuits
2020,Malta,5894149.259,Thailand,Import,8542,Electronic integrated circuits
2020,Morocco,4802511.256,Thailand,Import,8542,Electronic integrated circuits
2020,Sweden,4787981.422,Thailand,Import,8542,Electronic integrated circuits
2020,Denmark,3509280.507,Thailand,Import,8542,Electronic integrated circuits
2020,Australia,2574391.221,Thailand,Import,8542,Electronic integrated circuits
2020,Finland,1596372.391,Thailand,Import,8542,Electronic integrated circuits
2020,Czechia,1264097.806,Thailand,Import,8542,Electronic integrated circuits
2020,Ireland,838539.689,Thailand,Import,8542,Electronic integrated circuits
2020,Poland,654364.772,Thailand,Import,8542,Electronic integrated circuits
2020,Lao People's Dem. Rep.,633748.606,Thailand,Import,8542,Electronic integrated circuits
2020,New Zealand,566210.393,Thailand,Import,8542,Electronic integrated circuits
2020,India,450459.483,Thailand,Import,8542,Electronic integrated circuits
2020,Portugal,206701.013,Thailand,Import,8542,Electronic integrated circuits
2020,Myanmar,164633.178,Thailand,Import,8542,Electronic integrated circuits
2020,Spain,157246.337,Thailand,Import,8542,Electronic integrated circuits
2020,Romania,123935.146,Thailand,Import,8542,Electronic integrated circuits
2020,Kenya,99462.779,Thailand,Import,8542,Electronic integrated circuits
2020,Bulgaria,85835.368,Thailand,Import,8542,Electronic integrated circuits
2020,Costa Rica,73103.999,Thailand,Import,8542,Electronic integrated circuits
2020,Mali,55143.696,Thailand,Import,8542,Electronic integrated circuits
2020,Cambodia,54969.086,Thailand,Import,8542,Electronic integrated circuits
2020,Norway,52542.463,Thailand,Import,8542,Electronic integrated circuits
2020,Ukraine,33870.672,Thailand,Import,8542,Electronic integrated circuits
2020,Brazil,32275.962,Thailand,Import,8542,Electronic integrated circuits
2020,Slovakia,31189.879,Thailand,Import,8542,Electronic integrated circuits
2020,Bhutan,25159.369,Thailand,Import,8542,Electronic integrated circuits
2020,"China, Macao SAR",21507.119,Thailand,Import,8542,Electronic integrated circuits
2020,Pitcairn,19505.047,Thailand,Import,8542,Electronic integrated circuits
2020,Andorra,17368.77,Thailand,Import,8542,Electronic integrated circuits
2020,Papua New Guinea,16662.439,Thailand,Import,8542,Electronic integrated circuits
2020,Hungary,16323.464,Thailand,Import,8542,Electronic integrated circuits
2020,Estonia,13665.91,Thailand,Import,8542,Electronic integrated circuits
2020,Cameroon,13383.681,Thailand,Import,8542,Electronic integrated circuits
2020,Montenegro,12861.876,Thailand,Import,8542,Electronic integrated circuits
2020,Iran,11004.158,Thailand,Import,8542,Electronic integrated circuits
2020,Senegal,10827.684,Thailand,Import,8542,Electronic integrated circuits
2020,Türkiye,9812.465,Thailand,Import,8542,Electronic integrated circuits
2020,Mozambique,9723.888,Thailand,Import,8542,Electronic integrated circuits
2020,Russian Federation,9265.673,Thailand,Import,8542,Electronic integrated circuits
2020,Slovenia,8494.975,Thailand,Import,8542,Electronic integrated circuits
2020,Argentina,8219.389,Thailand,Import,8542,Electronic integrated circuits
2020,Jamaica,6174.465,Thailand,Import,8542,Electronic integrated circuits
2020,Brunei Darussalam,5478.356,Thailand,Import,8542,Electronic integrated circuits
2020,Antarctica,4439.974,Thailand,Import,8542,Electronic integrated circuits
2020,Luxembourg,4414.661,Thailand,Import,8542,Electronic integrated circuits
2020,New Caledonia,4129.218,Thailand,Import,8542,Electronic integrated circuits
2020,Tunisia,3401.058,Thailand,Import,8542,Electronic integrated circuits
2020,Tuvalu,3282.033,Thailand,Import,8542,Electronic integrated circuits
2020,Mauritius,2976.85,Thailand,Import,8542,Electronic integrated circuits
2020,Rwanda,2873.633,Thailand,Import,8542,Electronic integrated circuits
2020,El Salvador,2753.674,Thailand,Import,8542,Electronic integrated circuits
2020,Haiti,2523.059,Thailand,Import,8542,Electronic integrated circuits
2020,Malawi,2008.478,Thailand,Import,8542,Electronic integrated circuits
2020,Croatia,1919.019,Thailand,Import,8542,Electronic integrated circuits
2020,United Arab Emirates,1756.372,Thailand,Import,8542,Electronic integrated circuits
2020,South Africa,1676.751,Thailand,Import,8542,Electronic integrated circuits
2020,Saint Kitts and Nevis,1653.059,Thailand,Import,8542,Electronic integrated circuits
2020,Dem. Rep. of the Congo,1596.431,Thailand,Import,8542,Electronic integrated circuits
2020,Latvia,1573.517,Thailand,Import,8542,Electronic integrated circuits
2020,Curaçao,1522.884,Thailand,Import,8542,Electronic integrated circuits
2020,Trinidad and Tobago,1439.988,Thailand,Import,8542,Electronic integrated circuits
2020,Armenia,1316.571,Thailand,Import,8542,Electronic integrated circuits
2020,Chad,1231.732,Thailand,Import,8542,Electronic integrated circuits
2020,Chile,1217.566,Thailand,Import,8542,Electronic integrated circuits
2020,Tajikistan,1061.603,Thailand,Import,8542,Electronic integrated circuits
2020,Aruba,770.273,Thailand,Import,8542,Electronic integrated circuits
2020,Marshall Isds,734.089,Thailand,Import,8542,Electronic integrated circuits
2020,N. Mariana Isds,242.101,Thailand,Import,8542,Electronic integrated circuits
2020,Colombia,217.62,Thailand,Import,8542,Electronic integrated circuits
2020,Namibia,166.424,Thailand,Import,8542,Electronic integrated circuits
2020,Bosnia Herzegovina,165.815,Thailand,Import,8542,Electronic integrated circuits
2020,Iceland,163.393,Thailand,Import,8542,Electronic integrated circuits
2020,Uganda,155.254,Thailand,Import,8542,Electronic integrated circuits
2020,Cocos Isds,56.373,Thailand,Import,8542,Electronic integrated circuits
2020,Lithuania,35.707,Thailand,Import,8542,Electronic integrated circuits
2020,Cyprus,14.249,Thailand,Import,8542,Electronic integrated circuits
2020,North Macedonia,4.97,Thailand,Import,8542,Electronic integrated circuits
2020,Pakistan,3.601,Thailand,Import,8542,Electronic integrated circuits
2021,World,15127444464.527,Thailand,Import,8542,Electronic integrated circuits
2021,"Other Asia, nes",4615399291.415,Thailand,Import,8542,Electronic integrated circuits
2021,Japan,2094881611.929,Thailand,Import,8542,Electronic integrated circuits
2021,China,1761346897.519,Thailand,Import,8542,Electronic integrated circuits
2021,Rep. of Korea,1294384914.339,Thailand,Import,8542,Electronic integrated circuits
2021,USA,1263286995.007,Thailand,Import,8542,Electronic integrated circuits
2021,Thailand,848631843.736,Thailand,Import,8542,Electronic integrated circuits
2021,Malaysia,798561787.829,Thailand,Import,8542,Electronic integrated circuits
2021,Singapore,619051015.537,Thailand,Import,8542,Electronic integrated circuits
2021,Philippines,591812659.487,Thailand,Import,8542,Electronic integrated circuits
2021,United Kingdom,343915824.071,Thailand,Import,8542,Electronic integrated circuits
2021,Germany,222048755.149,Thailand,Import,8542,Electronic integrated circuits
2021,Netherlands,165836175.336,Thailand,Import,8542,Electronic integrated circuits
2021,Viet Nam,123577636.984,Thailand,Import,8542,Electronic integrated circuits
2021,Italy,76227988.799,Thailand,Import,8542,Electronic integrated circuits
2021,France,60663883.216,Thailand,Import,8542,Electronic integrated circuits
2021,Austria,40791548.026,Thailand,Import,8542,Electronic integrated circuits
2021,Switzerland,36834698.542,Thailand,Import,8542,Electronic integrated circuits
2021,"China, Hong Kong SAR",36458715.479,Thailand,Import,8542,Electronic integrated circuits
2021,Belgium,28192953.502,Thailand,Import,8542,Electronic integrated circuits
2021,Israel,23084650.619,Thailand,Import,8542,Electronic integrated circuits
2021,Canada,17712792.334,Thailand,Import,8542,Electronic integrated circuits
2021,Mexico,13032278.432,Thailand,Import,8542,Electronic integrated circuits
2021,Malta,12309659.75,Thailand,Import,8542,Electronic integrated circuits
2021,Indonesia,9418334.657,Thailand,Import,8542,Electronic integrated circuits
2021,Morocco,8246990.02,Thailand,Import,8542,Electronic integrated circuits
2021,Australia,3907764.776,Thailand,Import,8542,Electronic integrated circuits
2021,Denmark,3837017.526,Thailand,Import,8542,Electronic integrated circuits
2021,Greece,3516261.109,Thailand,Import,8542,Electronic integrated circuits
2021,Sweden,1805235.162,Thailand,Import,8542,Electronic integrated circuits
2021,Czechia,1514973.301,Thailand,Import,8542,Electronic integrated circuits
2021,India,1320646.239,Thailand,Import,8542,Electronic integrated circuits
2021,Finland,1106127.304,Thailand,Import,8542,Electronic integrated circuits
2021,Portugal,800146.571,Thailand,Import,8542,Electronic integrated circuits
2021,Lao People's Dem. Rep.,700315.006,Thailand,Import,8542,Electronic integrated circuits
2021,Somalia,628385.885,Thailand,Import,8542,Electronic integrated circuits
2021,Poland,441654.16,Thailand,Import,8542,Electronic integrated circuits
2021,New Zealand,280184.884,Thailand,Import,8542,Electronic integrated circuits
2021,Ireland,215362.676,Thailand,Import,8542,Electronic integrated circuits
2021,Romania,213988.851,Thailand,Import,8542,Electronic integrated circuits
2021,Hungary,183106.441,Thailand,Import,8542,Electronic integrated circuits
2021,Brazil,127285.977,Thailand,Import,8542,Electronic integrated circuits
2021,Cambodia,122643.727,Thailand,Import,8542,Electronic integrated circuits
2021,Slovakia,113310.002,Thailand,Import,8542,Electronic integrated circuits
2021,United Rep. of Tanzania,108223.339,Thailand,Import,8542,Electronic integrated circuits
2021,Bulgaria,107794.55,Thailand,Import,8542,Electronic integrated circuits
2021,Costa Rica,94997.21,Thailand,Import,8542,Electronic integrated circuits
2021,Tuvalu,73339.201,Thailand,Import,8542,Electronic integrated circuits
2021,Mali,52432.052,Thailand,Import,8542,Electronic integrated circuits
2021,Iceland,46705.179,Thailand,Import,8542,Electronic integrated circuits
2021,Andorra,42765.063,Thailand,Import,8542,Electronic integrated circuits
2021,Spain,36186.124,Thailand,Import,8542,Electronic integrated circuits
2021,Mozambique,32224.302,Thailand,Import,8542,Electronic integrated circuits
2021,Norway,28933.224,Thailand,Import,8542,Electronic integrated circuits
2021,Myanmar,26587.086,Thailand,Import,8542,Electronic integrated circuits
2021,Eswatini,26162.613,Thailand,Import,8542,Electronic integrated circuits
2021,Saint Vincent and the Grenadines,22831.097,Thailand,Import,8542,Electronic integrated circuits
2021,Kenya,21324.795,Thailand,Import,8542,Electronic integrated circuits
2021,Ukraine,20452.952,Thailand,Import,8542,Electronic integrated circuits
2021,Azerbaijan,11250.396,Thailand,Import,8542,Electronic integrated circuits
2021,"China, Macao SAR",11115.45,Thailand,Import,8542,Electronic integrated circuits
2021,French Polynesia,10937.408,Thailand,Import,8542,Electronic integrated circuits
2021,Iran,10511.612,Thailand,Import,8542,Electronic integrated circuits
2021,Dominica,10333.662,Thailand,Import,8542,Electronic integrated circuits
2021,Saint Barthélemy,10140.188,Thailand,Import,8542,Electronic integrated circuits
2021,Tajikistan,9655.059,Thailand,Import,8542,Electronic integrated circuits
2021,Cameroon,7317.037,Thailand,Import,8542,Electronic integrated circuits
2021,Türkiye,6467.63,Thailand,Import,8542,Electronic integrated circuits
2021,Egypt,5249.623,Thailand,Import,8542,Electronic integrated circuits
2021,El Salvador,5001.846,Thailand,Import,8542,Electronic integrated circuits
2021,Mauritania,4915.082,Thailand,Import,8542,Electronic integrated circuits
2021,Tunisia,4879.874,Thailand,Import,8542,Electronic integrated circuits
2021,Slovenia,4585.668,Thailand,Import,8542,Electronic integrated circuits
2021,South Africa,4384.026,Thailand,Import,8542,Electronic integrated circuits
2021,Russian Federation,3768.428,Thailand,Import,8542,Electronic integrated circuits
2021,Brunei Darussalam,3755.425,Thailand,Import,8542,Electronic integrated circuits
2021,Rwanda,3630.014,Thailand,Import,8542,Electronic integrated circuits
2021,Montenegro,3506.501,Thailand,Import,8542,Electronic integrated circuits
2021,Sao Tome and Principe,2775.871,Thailand,Import,8542,Electronic integrated circuits
2021,Georgia,2613.101,Thailand,Import,8542,Electronic integrated circuits
2021,Luxembourg,2261.163,Thailand,Import,8542,Electronic integrated circuits
2021,Togo,2235.488,Thailand,Import,8542,Electronic integrated circuits
2021,Estonia,1892.365,Thailand,Import,8542,Electronic integrated circuits
2021,Serbia,1889.445,Thailand,Import,8542,Electronic integrated circuits
2021,Yemen,1415.645,Thailand,Import,8542,Electronic integrated circuits
2021,Sri Lanka,1412.58,Thailand,Import,8542,Electronic integrated circuits
2021,Kiribati,1346.052,Thailand,Import,8542,Electronic integrated circuits
2021,Croatia,1239.559,Thailand,Import,8542,Electronic integrated circuits
2021,Latvia,1218.097,Thailand,Import,8542,Electronic integrated circuits
2021,Albania,921.463,Thailand,Import,8542,Electronic integrated circuits
2021,"Areas, nes",906.576,Thailand,Import,8542,Electronic integrated circuits
2021,Mauritius,851.699,Thailand,Import,8542,Electronic integrated circuits
2021,Panama,841.955,Thailand,Import,8542,Electronic integrated circuits
2021,Lithuania,818.392,Thailand,Import,8542,Electronic integrated circuits
2021,Peru,736.195,Thailand,Import,8542,Electronic integrated circuits
2021,Bahrain,593.285,Thailand,Import,8542,Electronic integrated circuits
2021,Cyprus,561.226,Thailand,Import,8542,Electronic integrated circuits
2021,Pakistan,370.384,Thailand,Import,8542,Electronic integrated circuits
2021,Montserrat,285.438,Thailand,Import,8542,Electronic integrated circuits
2021,Uganda,242.29,Thailand,Import,8542,Electronic integrated circuits
2021,United Arab Emirates,153.392,Thailand,Import,8542,Electronic integrated circuits
2021,Br. Virgin Isds,108.18,Thailand,Import,8542,Electronic integrated circuits
2021,Chile,73.725,Thailand,Import,8542,Electronic integrated circuits
2021,Argentina,9.608,Thailand,Import,8542,Electronic integrated circuits
2021,Namibia,9.238,Thailand,Import,8542,Electronic integrated circuits
2021,Nigeria,7.089,Thailand,Import,8542,Electronic integrated circuits
2022,World,19039358936.845,Thailand,Import,8542,Electronic integrated circuits
2022,"Other Asia, nes",5908971683.033,Thailand,Import,8542,Electronic integrated circuits
2022,China,2471490951.309,Thailand,Import,8542,Electronic integrated circuits
2022,Japan,2188173541.77,Thailand,Import,8542,Electronic integrated circuits
2022,Rep. of Korea,1713928685.064,Thailand,Import,8542,Electronic integrated circuits
2022,USA,1452712079.338,Thailand,Import,8542,Electronic integrated circuits
2022,Malaysia,1291150655.002,Thailand,Import,8542,Electronic integrated circuits
2022,Thailand,1065987161.749,Thailand,Import,8542,Electronic integrated circuits
2022,Singapore,766680539.488,Thailand,Import,8542,Electronic integrated circuits
2022,Philippines,743284028.239,Thailand,Import,8542,Electronic integrated circuits
2022,United Kingdom,303597090.314,Thailand,Import,8542,Electronic integrated circuits
2022,Germany,260019217.285,Thailand,Import,8542,Electronic integrated circuits
2022,Netherlands,206357762.836,Thailand,Import,8542,Electronic integrated circuits
2022,Viet Nam,93123520.866,Thailand,Import,8542,Electronic integrated circuits
2022,Canada,83426442.297,Thailand,Import,8542,Electronic integrated circuits
2022,Italy,76051406.233,Thailand,Import,8542,Electronic integrated circuits
2022,"China, Hong Kong SAR",69961524.502,Thailand,Import,8542,Electronic integrated circuits
2022,France,69437218.274,Thailand,Import,8542,Electronic integrated circuits
2022,Austria,55956516.132,Thailand,Import,8542,Electronic integrated circuits
2022,Belgium,51037611.105,Thailand,Import,8542,Electronic integrated circuits
2022,Switzerland,37814054.235,Thailand,Import,8542,Electronic integrated circuits
2022,Israel,26868338.938,Thailand,Import,8542,Electronic integrated circuits
2022,Mexico,21188589.141,Thailand,Import,8542,Electronic integrated circuits
2022,Malta,18945113.504,Thailand,Import,8542,Electronic integrated circuits
2022,Australia,12222596.742,Thailand,Import,8542,Electronic integrated circuits
2022,Indonesia,9642041.597,Thailand,Import,8542,Electronic integrated circuits
2022,Morocco,9138511.15,Thailand,Import,8542,Electronic integrated circuits
2022,Greece,8957549.745,Thailand,Import,8542,Electronic integrated circuits
2022,Denmark,6686856.135,Thailand,Import,8542,Electronic integrated circuits
2022,Finland,3966553.612,Thailand,Import,8542,Electronic integrated circuits
2022,Sweden,2331606.355,Thailand,Import,8542,Electronic integrated circuits
2022,Czechia,1485330.814,Thailand,Import,8542,Electronic integrated circuits
2022,Lao People's Dem. Rep.,1238665.697,Thailand,Import,8542,Electronic integrated circuits
2022,Spain,909087.37,Thailand,Import,8542,Electronic integrated circuits
2022,Cambodia,806455.379,Thailand,Import,8542,Electronic integrated circuits
2022,Brazil,762725.784,Thailand,Import,8542,Electronic integrated circuits
2022,Portugal,761297.053,Thailand,Import,8542,Electronic integrated circuits
2022,Ireland,760805.963,Thailand,Import,8542,Electronic integrated circuits
2022,India,537317.794,Thailand,Import,8542,Electronic integrated circuits
2022,Poland,397425.366,Thailand,Import,8542,Electronic integrated circuits
2022,New Zealand,352413.884,Thailand,Import,8542,Electronic integrated circuits
2022,Hungary,318565.217,Thailand,Import,8542,Electronic integrated circuits
2022,Norway,316893.035,Thailand,Import,8542,Electronic integrated circuits
2022,Slovakia,259357.52,Thailand,Import,8542,Electronic integrated circuits
2022,N. Mariana Isds,215368.224,Thailand,Import,8542,Electronic integrated circuits
2022,Bulgaria,133612.126,Thailand,Import,8542,Electronic integrated circuits
2022,Costa Rica,106436.292,Thailand,Import,8542,Electronic integrated circuits
2022,Trinidad and Tobago,82118.92,Thailand,Import,8542,Electronic integrated circuits
2022,Romania,80777.1,Thailand,Import,8542,Electronic integrated circuits
2022,Eswatini,74349.899,Thailand,Import,8542,Electronic integrated circuits
2022,"China, Macao SAR",52237.036,Thailand,Import,8542,Electronic integrated circuits
2022,Mali,51201.041,Thailand,Import,8542,Electronic integrated circuits
2022,Russian Federation,49909.144,Thailand,Import,8542,Electronic integrated circuits
2022,Chile,46575.328,Thailand,Import,8542,Electronic integrated circuits
2022,Andorra,45242.007,Thailand,Import,8542,Electronic integrated circuits
2022,United Rep. of Tanzania,37237.406,Thailand,Import,8542,Electronic integrated circuits
2022,Sri Lanka,34598.99,Thailand,Import,8542,Electronic integrated circuits
2022,Ukraine,33932.749,Thailand,Import,8542,Electronic integrated circuits
2022,Tunisia,27591.065,Thailand,Import,8542,Electronic integrated circuits
2022,Togo,21884.142,Thailand,Import,8542,Electronic integrated circuits
2022,El Salvador,19310.067,Thailand,Import,8542,Electronic integrated circuits
2022,Iceland,19112.124,Thailand,Import,8542,Electronic integrated circuits
2022,"Areas, nes",17796.166,Thailand,Import,8542,Electronic integrated circuits
2022,Slovenia,16489.796,Thailand,Import,8542,Electronic integrated circuits
2022,Cayman Isds,16361.871,Thailand,Import,8542,Electronic integrated circuits
2022,Namibia,16269.502,Thailand,Import,8542,Electronic integrated circuits
2022,Tokelau,12744.924,Thailand,Import,8542,Electronic integrated circuits
2022,Senegal,12382.04,Thailand,Import,8542,Electronic integrated circuits
2022,Mauritania,11653.327,Thailand,Import,8542,Electronic integrated circuits
2022,Cameroon,9182.923,Thailand,Import,8542,Electronic integrated circuits
2022,Uzbekistan,8747.383,Thailand,Import,8542,Electronic integrated circuits
2022,Cyprus,8697.391,Thailand,Import,8542,Electronic integrated circuits
2022,Falkland Isds (Malvinas),8315.993,Thailand,Import,8542,Electronic integrated circuits
2022,Tajikistan,6290.112,Thailand,Import,8542,Electronic integrated circuits
2022,Tuvalu,5882.664,Thailand,Import,8542,Electronic integrated circuits
2022,Uruguay,5538.826,Thailand,Import,8542,Electronic integrated circuits
2022,South Africa,5436.612,Thailand,Import,8542,Electronic integrated circuits
2022,United States Minor Outlying Islands,5136.199,Thailand,Import,8542,Electronic integrated circuits
2022,Latvia,4953.874,Thailand,Import,8542,Electronic integrated circuits
2022,Sierra Leone,4557.02,Thailand,Import,8542,Electronic integrated circuits
2022,Argentina,4519.44,Thailand,Import,8542,Electronic integrated circuits
2022,Serbia,4486.325,Thailand,Import,8542,Electronic integrated circuits
2022,Mozambique,3966.213,Thailand,Import,8542,Electronic integrated circuits
2022,Kenya,3149.282,Thailand,Import,8542,Electronic integrated circuits
2022,Croatia,2375.669,Thailand,Import,8542,Electronic integrated circuits
2022,Rwanda,2311.314,Thailand,Import,8542,Electronic integrated circuits
2022,Luxembourg,2217.644,Thailand,Import,8542,Electronic integrated circuits
2022,Iran,1959.274,Thailand,Import,8542,Electronic integrated circuits
2022,Colombia,1525.483,Thailand,Import,8542,Electronic integrated circuits
2022,Türkiye,1441.417,Thailand,Import,8542,Electronic integrated circuits
2022,Estonia,965.112,Thailand,Import,8542,Electronic integrated circuits
2022,Timor-Leste,768.26,Thailand,Import,8542,Electronic integrated circuits
2022,Jordan,752.171,Thailand,Import,8542,Electronic integrated circuits
2022,Georgia,633.513,Thailand,Import,8542,Electronic integrated circuits
2022,United Arab Emirates,518.901,Thailand,Import,8542,Electronic integrated circuits
2022,Iraq,500.003,Thailand,Import,8542,Electronic integrated circuits
2022,Brunei Darussalam,451.995,Thailand,Import,8542,Electronic integrated circuits
2022,North Macedonia,435.686,Thailand,Import,8542,Electronic integrated circuits
2022,Cabo Verde,382.728,Thailand,Import,8542,Electronic integrated circuits
2022,Bahrain,361.338,Thailand,Import,8542,Electronic integrated circuits
2022,Saudi Arabia,298.471,Thailand,Import,8542,Electronic integrated circuits
2022,Papua New Guinea,251.972,Thailand,Import,8542,Electronic integrated circuits
2022,Bangladesh,209.871,Thailand,Import,8542,Electronic integrated circuits
2022,Lithuania,206.364,Thailand,Import,8542,Electronic integrated circuits
2022,Qatar,174.827,Thailand,Import,8542,Electronic integrated circuits
2022,Sao Tome and Principe,156.349,Thailand,Import,8542,Electronic integrated circuits
2022,Egypt,134.197,Thailand,Import,8542,Electronic integrated circuits
2022,Pakistan,24.673,Thailand,Import,8542,Electronic integrated circuits
2022,Belarus,20.645,Thailand,Import,8542,Electronic integrated circuits
2022,Ecuador,18.604,Thailand,Import,8542,Electronic integrated circuits
2022,Peru,1.956,Thailand,Import,8542,Electronic integrated circuits
2023,World,19588059644.307,Thailand,Import,8542,Electronic integrated circuits
2023,"Other Asia, nes",7326313641.821,Thailand,Import,8542,Electronic integrated circuits
2023,Japan,2081098546.929,Thailand,Import,8542,Electronic integrated circuits
2023,China,1983461083.032,Thailand,Import,8542,Electronic integrated circuits
2023,Malaysia,1481442450.711,Thailand,Import,8542,Electronic integrated circuits
2023,Rep. of Korea,1430131356.2,Thailand,Import,8542,Electronic integrated circuits
2023,USA,1054959652.686,Thailand,Import,8542,Electronic integrated circuits
2023,Thailand,1047112380.079,Thailand,Import,8542,Electronic integrated circuits
2023,Singapore,764996608.431,Thailand,Import,8542,Electronic integrated circuits
2023,Philippines,557600896.011,Thailand,Import,8542,Electronic integrated circuits
2023,Viet Nam,455813906.049,Thailand,Import,8542,Electronic integrated circuits
2023,Germany,444738628.02,Thailand,Import,8542,Electronic integrated circuits
2023,United Kingdom,223423903.796,Thailand,Import,8542,Electronic integrated circuits
2023,Netherlands,209692909.824,Thailand,Import,8542,Electronic integrated circuits
2023,Canada,103808750.534,Thailand,Import,8542,Electronic integrated circuits
2023,Italy,84491971.349,Thailand,Import,8542,Electronic integrated circuits
2023,France,47820685.897,Thailand,Import,8542,Electronic integrated circuits
2023,Belgium,39453696.752,Thailand,Import,8542,Electronic integrated circuits
2023,Switzerland,35895663.293,Thailand,Import,8542,Electronic integrated circuits
2023,Mexico,32323259.368,Thailand,Import,8542,Electronic integrated circuits
2023,Austria,31537605.638,Thailand,Import,8542,Electronic integrated circuits
2023,"China, Hong Kong SAR",28823382.951,Thailand,Import,8542,Electronic integrated circuits
2023,Israel,28262805.853,Thailand,Import,8542,Electronic integrated circuits
2023,Malta,25617246.123,Thailand,Import,8542,Electronic integrated circuits
2023,Greece,15103044.739,Thailand,Import,8542,Electronic integrated circuits
2023,Indonesia,8535187.938,Thailand,Import,8542,Electronic integrated circuits
2023,Morocco,8255194.77,Thailand,Import,8542,Electronic integrated circuits
2023,Denmark,7895725.172,Thailand,Import,8542,Electronic integrated circuits
2023,Finland,5961181.301,Thailand,Import,8542,Electronic integrated circuits
2023,Sweden,4306446.35,Thailand,Import,8542,Electronic integrated circuits
2023,India,4272664.898,Thailand,Import,8542,Electronic integrated circuits
2023,Czechia,3718911.768,Thailand,Import,8542,Electronic integrated circuits
2023,Hungary,1437190.789,Thailand,Import,8542,Electronic integrated circuits
2023,Ireland,1380202.007,Thailand,Import,8542,Electronic integrated circuits
2023,Cambodia,1292047.512,Thailand,Import,8542,Electronic integrated circuits
2023,Lao People's Dem. Rep.,1256804.516,Thailand,Import,8542,Electronic integrated circuits
2023,Portugal,1005776.793,Thailand,Import,8542,Electronic integrated circuits
2023,Costa Rica,668478.099,Thailand,Import,8542,Electronic integrated circuits
2023,Australia,666490.396,Thailand,Import,8542,Electronic integrated circuits
2023,Poland,603684.755,Thailand,Import,8542,Electronic integrated circuits
2023,Brunei Darussalam,441828.884,Thailand,Import,8542,Electronic integrated circuits
2023,New Zealand,376960.974,Thailand,Import,8542,Electronic integrated circuits
2023,Brazil,321039.305,Thailand,Import,8542,Electronic integrated circuits
2023,Myanmar,190645.032,Thailand,Import,8542,Electronic integrated circuits
2023,Bulgaria,172828.924,Thailand,Import,8542,Electronic integrated circuits
2023,"Areas, nes",154705.449,Thailand,Import,8542,Electronic integrated circuits
2023,Spain,153332.871,Thailand,Import,8542,Electronic integrated circuits
2023,"China, Macao SAR",147220.893,Thailand,Import,8542,Electronic integrated circuits
2023,Mauritius,138516.475,Thailand,Import,8542,Electronic integrated circuits
2023,Slovakia,103660.304,Thailand,Import,8542,Electronic integrated circuits
2023,Dem. People's Rep. of Korea,92799.996,Thailand,Import,8542,Electronic integrated circuits
2023,Romania,84506.798,Thailand,Import,8542,Electronic integrated circuits
2023,Cameroon,84376.955,Thailand,Import,8542,Electronic integrated circuits
2023,Liberia,54750.276,Thailand,Import,8542,Electronic integrated circuits
2023,Slovenia,50548.258,Thailand,Import,8542,Electronic integrated circuits
2023,Norway,45021.414,Thailand,Import,8542,Electronic integrated circuits
2023,Andorra,35030.611,Thailand,Import,8542,Electronic integrated circuits
2023,Eswatini,25809.125,Thailand,Import,8542,Electronic integrated circuits
2023,Saint Vincent and the Grenadines,24693.334,Thailand,Import,8542,Electronic integrated circuits
2023,Kenya,22402.023,Thailand,Import,8542,Electronic integrated circuits
2023,Kuwait,21383.429,Thailand,Import,8542,Electronic integrated circuits
2023,Iceland,17826.246,Thailand,Import,8542,Electronic integrated circuits
2023,Mali,15145.618,Thailand,Import,8542,Electronic integrated circuits
2023,United States Minor Outlying Islands,14121.552,Thailand,Import,8542,Electronic integrated circuits
2023,Panama,13404.004,Thailand,Import,8542,Electronic integrated circuits
2023,Estonia,9590.893,Thailand,Import,8542,Electronic integrated circuits
2023,Tuvalu,6529.203,Thailand,Import,8542,Electronic integrated circuits
2023,Togo,6275.508,Thailand,Import,8542,Electronic integrated circuits
2023,Russian Federation,6097.79,Thailand,Import,8542,Electronic integrated circuits
2023,Türkiye,5646.118,Thailand,Import,8542,Electronic integrated circuits
2023,Luxembourg,4838.112,Thailand,Import,8542,Electronic integrated circuits
2023,Cayman Isds,4307.426,Thailand,Import,8542,Electronic integrated circuits
2023,El Salvador,3821.022,Thailand,Import,8542,Electronic integrated circuits
2023,Montserrat,3439.686,Thailand,Import,8542,Electronic integrated circuits
2023,Chile,3201.788,Thailand,Import,8542,Electronic integrated circuits
2023,Dominican Rep.,3108.554,Thailand,Import,8542,Electronic integrated circuits
2023,United Arab Emirates,3041.126,Thailand,Import,8542,Electronic integrated circuits
2023,Sao Tome and Principe,3000.032,Thailand,Import,8542,Electronic integrated circuits
2023,Lithuania,2797.215,Thailand,Import,8542,Electronic integrated circuits
2023,Croatia,2236.18,Thailand,Import,8542,Electronic integrated circuits
2023,Latvia,1818.821,Thailand,Import,8542,Electronic integrated circuits
2023,Montenegro,1219.737,Thailand,Import,8542,Electronic integrated circuits
2023,Egypt,1081.147,Thailand,Import,8542,Electronic integrated circuits
2023,Cocos Isds,1049.88,Thailand,Import,8542,Electronic integrated circuits
2023,Anguilla,1007.476,Thailand,Import,8542,Electronic integrated circuits
2023,Argentina,783.109,Thailand,Import,8542,Electronic integrated circuits
2023,Syria,644.944,Thailand,Import,8542,Electronic integrated circuits
2023,Colombia,554.194,Thailand,Import,8542,Electronic integrated circuits
2023,Sri Lanka,238.678,Thailand,Import,8542,Electronic integrated circuits
2023,South Africa,232.092,Thailand,Import,8542,Electronic integrated circuits
2023,Namibia,212.071,Thailand,Import,8542,Electronic integrated circuits
2023,Cuba,99.265,Thailand,Import,8542,Electronic integrated circuits
2023,Tunisia,38.012,Thailand,Import,8542,Electronic integrated circuits
2023,Papua New Guinea,33.854,Thailand,Import,8542,Electronic integrated circuits
2023,Pakistan,32.767,Thailand,Import,8542,Electronic integrated circuits
2023,Ukraine,27.04,Thailand,Import,8542,Electronic integrated circuits
2023,Bangladesh,18.669,Thailand,Import,8542,Electronic integrated circuits
2024,World,24427995897.78,Thailand,Import,8542,Electronic integrated circuits
2024,"Other Asia, nes",10653838520.8,Thailand,Import,8542,Electronic integrated circuits
2024,China,2538341745.02,Thailand,Import,8542,Electronic integrated circuits
2024,Rep. of Korea,2076877128.19,Thailand,Import,8542,Electronic integrated circuits
2024,Japan,2047415669.65,Thailand,Import,8542,Electronic integrated circuits
2024,Malaysia,1582890835.94,Thailand,Import,8542,Electronic integrated circuits
2024,Viet Nam,1119729279.11,Thailand,Import,8542,Electronic integrated circuits
2024,USA,929402294.96,Thailand,Import,8542,Electronic integrated circuits
2024,Thailand,833751764.46,Thailand,Import,8542,Electronic integrated circuits
2024,Philippines,634778526.32,Thailand,Import,8542,Electronic integrated circuits
2024,Singapore,567363922.28,Thailand,Import,8542,Electronic integrated circuits
2024,Germany,322052936.96,Thailand,Import,8542,Electronic integrated circuits
2024,United Kingdom,256307747.99,Thailand,Import,8542,Electronic integrated circuits
2024,Canada,231907165.35,Thailand,Import,8542,Electronic integrated circuits
2024,Netherlands,208227080.96,Thailand,Import,8542,Electronic integrated circuits
2024,Italy,80654802.14,Thailand,Import,8542,Electronic integrated circuits
2024,France,72715649.26,Thailand,Import,8542,Electronic integrated circuits
2024,Belgium,34314101.73,Thailand,Import,8542,Electronic integrated circuits
2024,Malta,31981361.88,Thailand,Import,8542,Electronic integrated circuits
2024,Austria,30955268.05,Thailand,Import,8542,Electronic integrated circuits
2024,Mexico,30216663.1,Thailand,Import,8542,Electronic integrated circuits
2024,"China, Hong Kong SAR",29712469.32,Thailand,Import,8542,Electronic integrated circuits
2024,Switzerland,29321709.79,Thailand,Import,8542,Electronic integrated circuits
2024,Israel,16487178.65,Thailand,Import,8542,Electronic integrated circuits
2024,Greece,13944970.94,Thailand,Import,8542,Electronic integrated circuits
2024,Ireland,13902795.3,Thailand,Import,8542,Electronic integrated circuits
2024,Morocco,7031264.43,Thailand,Import,8542,Electronic integrated circuits
2024,Denmark,6725489.71,Thailand,Import,8542,Electronic integrated circuits
2024,Indonesia,6285486.39,Thailand,Import,8542,Electronic integrated circuits
2024,Finland,4689602.63,Thailand,Import,8542,Electronic integrated circuits
2024,Lao People's Dem. Rep.,4011022.81,Thailand,Import,8542,Electronic integrated circuits
2024,Czechia,2554037.38,Thailand,Import,8542,Electronic integrated circuits
2024,Sweden,2115620.87,Thailand,Import,8542,Electronic integrated circuits
2024,Costa Rica,1516872.59,Thailand,Import,8542,Electronic integrated circuits
2024,Australia,1491347.82,Thailand,Import,8542,Electronic integrated circuits
2024,India,1422170.3,Thailand,Import,8542,Electronic integrated circuits
2024,Mauritius,746269.94,Thailand,Import,8542,Electronic integrated circuits
2024,Cambodia,471498.94,Thailand,Import,8542,Electronic integrated circuits
2024,Portugal,401187.65,Thailand,Import,8542,Electronic integrated circuits
2024,Bulgaria,147041.41,Thailand,Import,8542,Electronic integrated circuits
2024,Slovakia,119980.57,Thailand,Import,8542,Electronic integrated circuits
2024,Hungary,97421.04,Thailand,Import,8542,Electronic integrated circuits
2024,Romania,96595.8,Thailand,Import,8542,Electronic integrated circuits
2024,Poland,89650.55,Thailand,Import,8542,Electronic integrated circuits
2024,Lithuania,78678.58,Thailand,Import,8542,Electronic integrated circuits
2024,New Zealand,76673.46,Thailand,Import,8542,Electronic integrated circuits
2024,Slovenia,69217.98,Thailand,Import,8542,Electronic integrated circuits
2024,Spain,63512.88,Thailand,Import,8542,Electronic integrated circuits
2024,Myanmar,63371.99,Thailand,Import,8542,Electronic integrated circuits
2024,Cayman Isds,58406.68,Thailand,Import,8542,Electronic integrated circuits
2024,Dem. Rep. of the Congo,57069.6,Thailand,Import,8542,Electronic integrated circuits
2024,Brazil,55541.51,Thailand,Import,8542,Electronic integrated circuits
2024,Senegal,55107.25,Thailand,Import,8542,Electronic integrated circuits
2024,Dem. People's Rep. of Korea,41017.88,Thailand,Import,8542,Electronic integrated circuits
2024,Trinidad and Tobago,33080.29,Thailand,Import,8542,Electronic integrated circuits
2024,Iran,31794.41,Thailand,Import,8542,Electronic integrated circuits
2024,Ukraine,27796.95,Thailand,Import,8542,Electronic integrated circuits
2024,Latvia,21717.73,Thailand,Import,8542,Electronic integrated circuits
2024,Norway,20371.25,Thailand,Import,8542,Electronic integrated circuits
2024,Mali,17464.67,Thailand,Import,8542,Electronic integrated circuits
2024,Namibia,17220.93,Thailand,Import,8542,Electronic integrated circuits
2024,Sao Tome and Principe,13648.1,Thailand,Import,8542,Electronic integrated circuits
2024,Nepal,12399.08,Thailand,Import,8542,Electronic integrated circuits
2024,Cameroon,10153.03,Thailand,Import,8542,Electronic integrated circuits
2024,Timor-Leste,7882.86,Thailand,Import,8542,Electronic integrated circuits
2024,El Salvador,7673.79,Thailand,Import,8542,Electronic integrated circuits
2024,South Africa,6434.3,Thailand,Import,8542,Electronic integrated circuits
2024,Tunisia,4991.35,Thailand,Import,8542,Electronic integrated circuits
2024,Pakistan,3653.17,Thailand,Import,8542,Electronic integrated circuits
2024,South Sudan,3616.65,Thailand,Import,8542,Electronic integrated circuits
2024,"China, Macao SAR",3170.89,Thailand,Import,8542,Electronic integrated circuits
2024,Tuvalu,2980.97,Thailand,Import,8542,Electronic integrated circuits
2024,Georgia,2687.01,Thailand,Import,8542,Electronic integrated circuits
2024,Türkiye,2607.48,Thailand,Import,8542,Electronic integrated circuits
2024,Pitcairn,2454.0,Thailand,Import,8542,Electronic integrated circuits
2024,Luxembourg,1944.14,Thailand,Import,8542,Electronic integrated circuits
2024,United Arab Emirates,1794.64,Thailand,Import,8542,Electronic integrated circuits
2024,Russian Federation,1607.69,Thailand,Import,8542,Electronic integrated circuits
2024,Kuwait,1575.57,Thailand,Import,8542,Electronic integrated circuits
2024,Croatia,1542.62,Thailand,Import,8542,Electronic integrated circuits
2024,Sri Lanka,1441.84,Thailand,Import,8542,Electronic integrated circuits
2024,Montenegro,1101.68,Thailand,Import,8542,Electronic integrated circuits
2024,Estonia,1077.65,Thailand,Import,8542,Electronic integrated circuits
2024,Cyprus,857.8,Thailand,Import,8542,Electronic integrated circuits
2024,Andorra,594.42,Thailand,Import,8542,Electronic integrated circuits
2024,French Polynesia,566.07,Thailand,Import,8542,Electronic integrated circuits
2024,Iceland,537.13,Thailand,Import,8542,Electronic integrated circuits
2024,Bermuda,516.95,Thailand,Import,8542,Electronic integrated circuits
2024,Egypt,460.4,Thailand,Import,8542,Electronic integrated circuits
2024,Kazakhstan,421.32,Thailand,Import,8542,Electronic integrated circuits
2024,Serbia,380.97,Thailand,Import,8542,Electronic integrated circuits
2024,Mongolia,377.32,Thailand,Import,8542,Electronic integrated circuits
2024,Colombia,374.25,Thailand,Import,8542,Electronic integrated circuits
2024,Burkina Faso,345.37,Thailand,Import,8542,Electronic integrated circuits
2024,Rwanda,317.26,Thailand,Import,8542,Electronic integrated circuits
2024,Chad,305.71,Thailand,Import,8542,Electronic integrated circuits
2024,Qatar,275.0,Thailand,Import,8542,Electronic integrated circuits
2024,Ethiopia,214.41,Thailand,Import,8542,Electronic integrated circuits
2024,Yemen,193.08,Thailand,Import,8542,Electronic integrated circuits
2024,Ghana,150.27,Thailand,Import,8542,Electronic integrated circuits
2024,Argentina,136.22,Thailand,Import,8542,Electronic integrated circuits
2024,Bangladesh,121.13,Thailand,Import,8542,Electronic integrated circuits
2024,Turks and Caicos Isds,52.7,Thailand,Import,8542,Electronic integrated circuits
2024,Peru,40.89,Thailand,Import,8542,Electronic integrated circuits
2024,Honduras,25.57,Thailand,Import,8542,Electronic integrated circuits
2024,Montserrat,2.01,Thailand,Import,8542,Electronic integrated circuits
